-- phpMyAdmin SQL Dump
-- version 4.0.10.14
-- http://www.phpmyadmin.net
--
-- Host: localhost:3306
-- Generation Time: Dec 23, 2016 at 10:18 PM
-- Server version: 5.6.34
-- PHP Version: 5.6.20

SET SQL_MODE = "NO_AUTO_VALUE_ON_ZERO";
SET time_zone = "+00:00";


/*!40101 SET @OLD_CHARACTER_SET_CLIENT=@@CHARACTER_SET_CLIENT */;
/*!40101 SET @OLD_CHARACTER_SET_RESULTS=@@CHARACTER_SET_RESULTS */;
/*!40101 SET @OLD_COLLATION_CONNECTION=@@COLLATION_CONNECTION */;
/*!40101 SET NAMES utf8 */;

--
-- Database: `power_B202`
--

-- --------------------------------------------------------

--
-- Table structure for table `ci_sessions`
--

CREATE TABLE IF NOT EXISTS `ci_sessions` (
  `id` varchar(40) NOT NULL,
  `ip_address` varchar(45) NOT NULL,
  `timestamp` int(10) unsigned NOT NULL DEFAULT '0',
  `data` blob NOT NULL,
  PRIMARY KEY (`id`),
  KEY `ci_sessions_timestamp` (`timestamp`)
) ENGINE=InnoDB DEFAULT CHARSET=latin1;

--
-- Dumping data for table `ci_sessions`
--

INSERT INTO `ci_sessions` (`id`, `ip_address`, `timestamp`, `data`) VALUES
('05e565d006e4e4db6f01ca4dfab481b736d7d898', '66.102.6.68', 1482479575, 0x5f5f63695f6c6173745f726567656e65726174657c693a313438323437393537353b),
('0c37261adfea182cf34030e9c594a5f3c43698d2', '27.104.85.167', 1482214812, 0x5f5f63695f6c6173745f726567656e65726174657c693a313438323231343636363b69647c733a313a2232223b757365725f6e616d657c733a353a2241646d696e223b656d61696c7c733a31393a2261646d696e407374616c6c696f6e692e636f6d223b706963747572657c733a31333a22646f776e6c6f6164312e6a7067223b75736572696e666f7c4f3a383a22737464436c617373223a31353a7b733a323a226964223b733a313a2232223b733a31303a2266697273745f6e616d65223b733a353a2261646d696e223b733a393a226c6173745f6e616d65223b733a313a226e223b733a383a22757365726e616d65223b733a353a2241646d696e223b733a363a2267656e646572223b733a303a22223b733a373a2270696374757265223b733a31333a22646f776e6c6f6164312e6a7067223b733a353a22656d61696c223b733a31393a2261646d696e407374616c6c696f6e692e636f6d223b733a353a2270686f6e65223b733a31303a2232313437343833363437223b733a383a2270617373776f7264223b733a33323a223031393230323361376262643733323530353136663036396466313862353030223b733a343a2274797065223b733a313a2232223b733a31383a22637573746f6d697a65647573657274797065223b733a313a2230223b733a393a22636f6d70616e796964223b733a313a2232223b733a363a22737461747573223b733a313a2231223b733a373a2263726561746564223b733a31393a22323031362d31312d30312030393a33343a3339223b733a383a226d6f646966696564223b733a31393a22323031362d31322d32302030353a30323a3234223b7d),
('17c0e9f2b5d195173b522a1b76ba3d7e0e725fc7', '66.102.6.68', 1482206266, 0x5f5f63695f6c6173745f726567656e65726174657c693a313438323230363236363b),
('2e01357d0caecced14f34619b289b03ceb448c17', '59.99.85.24', 1482317019, 0x5f5f63695f6c6173745f726567656e65726174657c693a313438323331373031393b),
('3561c497f3a846edfca6d339a8c8eb3c2eaa4edf', '66.102.6.72', 1482479575, 0x5f5f63695f6c6173745f726567656e65726174657c693a313438323437393537353b),
('4f2e40797a3c48422fcc3fa65d7e367412f3171d', '27.104.85.167', 1482210510, 0x5f5f63695f6c6173745f726567656e65726174657c693a313438323231303435363b69647c733a313a2232223b757365725f6e616d657c733a353a2241646d696e223b656d61696c7c733a31393a2261646d696e407374616c6c696f6e692e636f6d223b706963747572657c733a31333a22646f776e6c6f6164312e6a7067223b75736572696e666f7c4f3a383a22737464436c617373223a31353a7b733a323a226964223b733a313a2232223b733a31303a2266697273745f6e616d65223b733a353a2261646d696e223b733a393a226c6173745f6e616d65223b733a313a226e223b733a383a22757365726e616d65223b733a353a2241646d696e223b733a363a2267656e646572223b733a303a22223b733a373a2270696374757265223b733a31333a22646f776e6c6f6164312e6a7067223b733a353a22656d61696c223b733a31393a2261646d696e407374616c6c696f6e692e636f6d223b733a353a2270686f6e65223b733a31303a2232313437343833363437223b733a383a2270617373776f7264223b733a33323a223031393230323361376262643733323530353136663036396466313862353030223b733a343a2274797065223b733a313a2232223b733a31383a22637573746f6d697a65647573657274797065223b733a313a2230223b733a393a22636f6d70616e796964223b733a313a2232223b733a363a22737461747573223b733a313a2231223b733a373a2263726561746564223b733a31393a22323031362d31312d30312030393a33343a3339223b733a383a226d6f646966696564223b733a31393a22323031362d31322d32302030353a30323a3234223b7d636f6d70616e79666f6c6465727570646174696f6e7c733a3137393a223c64697620636c6173733d22616c65727420616c6572742d73756363657373223e3c627574746f6e20747970653d22627574746f6e2220636c6173733d22636c6f73652220646174612d6469736d6973733d22616c6572742220617269612d68696464656e3d2274727565223ec3973c2f627574746f6e3e3c7370616e3e5468652073746174757320686173206265656e206368616e6765642073756363657366756c6c792e3c2f7370616e3e3c2f6469763e223b5f5f63695f766172737c613a313a7b733a32313a22636f6d70616e79666f6c6465727570646174696f6e223b733a333a226f6c64223b7d),
('52c7edd8fa19a454d36b74a7220f181c9bd961a4', '59.99.228.253', 1482556584, 0x5f5f63695f6c6173745f726567656e65726174657c693a313438323535363538343b),
('59cb3f0b8d2bd273b9286cfc656d2bde47ae8646', '66.102.6.70', 1482378657, 0x5f5f63695f6c6173745f726567656e65726174657c693a313438323337383635373b),
('5eb9e12f099fbd85adfc529750f2996aaafefcd9', '66.102.6.68', 1482206266, 0x5f5f63695f6c6173745f726567656e65726174657c693a313438323230363236363b),
('61fd7af8ba13df3da2be75c8ea50443fde3e35e1', '27.104.85.167', 1482209953, 0x5f5f63695f6c6173745f726567656e65726174657c693a313438323230393734393b69647c733a313a2232223b757365725f6e616d657c733a353a2241646d696e223b656d61696c7c733a31393a2261646d696e407374616c6c696f6e692e636f6d223b706963747572657c733a31333a22646f776e6c6f6164312e6a7067223b75736572696e666f7c4f3a383a22737464436c617373223a31353a7b733a323a226964223b733a313a2232223b733a31303a2266697273745f6e616d65223b733a353a2261646d696e223b733a393a226c6173745f6e616d65223b733a313a226e223b733a383a22757365726e616d65223b733a353a2241646d696e223b733a363a2267656e646572223b733a303a22223b733a373a2270696374757265223b733a31333a22646f776e6c6f6164312e6a7067223b733a353a22656d61696c223b733a31393a2261646d696e407374616c6c696f6e692e636f6d223b733a353a2270686f6e65223b733a31303a2232313437343833363437223b733a383a2270617373776f7264223b733a33323a223031393230323361376262643733323530353136663036396466313862353030223b733a343a2274797065223b733a313a2232223b733a31383a22637573746f6d697a65647573657274797065223b733a313a2230223b733a393a22636f6d70616e796964223b733a313a2232223b733a363a22737461747573223b733a313a2231223b733a373a2263726561746564223b733a31393a22323031362d31312d30312030393a33343a3339223b733a383a226d6f646966696564223b733a31393a22323031362d31322d32302030313a31353a3136223b7d),
('6d528cf18e28f909826f8d564fe3a3ad08a93147', '27.104.85.167', 1482212742, 0x5f5f63695f6c6173745f726567656e65726174657c693a313438323231323639383b69647c733a313a2232223b757365725f6e616d657c733a353a2241646d696e223b656d61696c7c733a31393a2261646d696e407374616c6c696f6e692e636f6d223b706963747572657c733a31333a22646f776e6c6f6164312e6a7067223b75736572696e666f7c4f3a383a22737464436c617373223a31353a7b733a323a226964223b733a313a2232223b733a31303a2266697273745f6e616d65223b733a353a2261646d696e223b733a393a226c6173745f6e616d65223b733a313a226e223b733a383a22757365726e616d65223b733a353a2241646d696e223b733a363a2267656e646572223b733a303a22223b733a373a2270696374757265223b733a31333a22646f776e6c6f6164312e6a7067223b733a353a22656d61696c223b733a31393a2261646d696e407374616c6c696f6e692e636f6d223b733a353a2270686f6e65223b733a31303a2232313437343833363437223b733a383a2270617373776f7264223b733a33323a223031393230323361376262643733323530353136663036396466313862353030223b733a343a2274797065223b733a313a2232223b733a31383a22637573746f6d697a65647573657274797065223b733a313a2230223b733a393a22636f6d70616e796964223b733a313a2232223b733a363a22737461747573223b733a313a2231223b733a373a2263726561746564223b733a31393a22323031362d31312d30312030393a33343a3339223b733a383a226d6f646966696564223b733a31393a22323031362d31322d32302030353a30323a3234223b7d),
('7a75b50f6c37345eb3e05c6dadbd11ed1e864943', '66.102.6.72', 1482293242, 0x5f5f63695f6c6173745f726567656e65726174657c693a313438323239333234323b),
('7d1c2528f802b9568d95c4c33acc9ffe54c2543c', '66.102.6.70', 1482554339, 0x5f5f63695f6c6173745f726567656e65726174657c693a313438323535343333393b),
('7d71294caf154b5a6570b848978ee21549faf96d', '66.102.6.68', 1482554338, 0x5f5f63695f6c6173745f726567656e65726174657c693a313438323535343333383b),
('7ec077b4c37b6be089a4d458e7555e6559ea62f8', '66.102.6.70', 1482293243, 0x5f5f63695f6c6173745f726567656e65726174657c693a313438323239333234333b),
('84cf60d1c288c30e722b0fa1713d9d555fa7b523', '119.81.31.30', 1482535258, 0x5f5f63695f6c6173745f726567656e65726174657c693a313438323533353235383b),
('8f2fa93676f8ae86a2a45ef41105ce5af146af8c', '27.104.85.167', 1482211313, 0x5f5f63695f6c6173745f726567656e65726174657c693a313438323231313331333b69647c733a313a2232223b757365725f6e616d657c733a353a2241646d696e223b656d61696c7c733a31393a2261646d696e407374616c6c696f6e692e636f6d223b706963747572657c733a31333a22646f776e6c6f6164312e6a7067223b75736572696e666f7c4f3a383a22737464436c617373223a31353a7b733a323a226964223b733a313a2232223b733a31303a2266697273745f6e616d65223b733a353a2261646d696e223b733a393a226c6173745f6e616d65223b733a313a226e223b733a383a22757365726e616d65223b733a353a2241646d696e223b733a363a2267656e646572223b733a303a22223b733a373a2270696374757265223b733a31333a22646f776e6c6f6164312e6a7067223b733a353a22656d61696c223b733a31393a2261646d696e407374616c6c696f6e692e636f6d223b733a353a2270686f6e65223b733a31303a2232313437343833363437223b733a383a2270617373776f7264223b733a33323a223031393230323361376262643733323530353136663036396466313862353030223b733a343a2274797065223b733a313a2232223b733a31383a22637573746f6d697a65647573657274797065223b733a313a2230223b733a393a22636f6d70616e796964223b733a313a2232223b733a363a22737461747573223b733a313a2231223b733a373a2263726561746564223b733a31393a22323031362d31312d30312030393a33343a3339223b733a383a226d6f646966696564223b733a31393a22323031362d31322d32302030353a30323a3234223b7d),
('9f4bea5d4f5ec8d6211cabc645a82ec09bc3a920', '27.104.85.167', 1482212325, 0x5f5f63695f6c6173745f726567656e65726174657c693a313438323231323137303b69647c733a313a2232223b757365725f6e616d657c733a353a2241646d696e223b656d61696c7c733a31393a2261646d696e407374616c6c696f6e692e636f6d223b706963747572657c733a31333a22646f776e6c6f6164312e6a7067223b75736572696e666f7c4f3a383a22737464436c617373223a31353a7b733a323a226964223b733a313a2232223b733a31303a2266697273745f6e616d65223b733a353a2261646d696e223b733a393a226c6173745f6e616d65223b733a313a226e223b733a383a22757365726e616d65223b733a353a2241646d696e223b733a363a2267656e646572223b733a303a22223b733a373a2270696374757265223b733a31333a22646f776e6c6f6164312e6a7067223b733a353a22656d61696c223b733a31393a2261646d696e407374616c6c696f6e692e636f6d223b733a353a2270686f6e65223b733a31303a2232313437343833363437223b733a383a2270617373776f7264223b733a33323a223031393230323361376262643733323530353136663036396466313862353030223b733a343a2274797065223b733a313a2232223b733a31383a22637573746f6d697a65647573657274797065223b733a313a2230223b733a393a22636f6d70616e796964223b733a313a2232223b733a363a22737461747573223b733a313a2231223b733a373a2263726561746564223b733a31393a22323031362d31312d30312030393a33343a3339223b733a383a226d6f646966696564223b733a31393a22323031362d31322d32302030353a30323a3234223b7d),
('bb3fe2546acb7832d4e05bd216a1a40925aa621e', '27.104.85.167', 1482210426, 0x5f5f63695f6c6173745f726567656e65726174657c693a313438323231303134343b69647c733a323a223231223b757365725f6e616d657c733a373a226b756d6172616e223b656d61696c7c733a32313a226b756d6172616e407374616c6c696f6e692e636f6d223b706963747572657c733a32343a22627574746572666c792d3536343536345f3634302e6a7067223b75736572696e666f7c4f3a383a22737464436c617373223a31353a7b733a323a226964223b733a323a223231223b733a31303a2266697273745f6e616d65223b733a373a226b756d6172616e223b733a393a226c6173745f6e616d65223b733a313a226b223b733a383a22757365726e616d65223b733a373a226b756d6172616e223b733a363a2267656e646572223b733a343a226d616c65223b733a373a2270696374757265223b733a32343a22627574746572666c792d3536343536345f3634302e6a7067223b733a353a22656d61696c223b733a32313a226b756d6172616e407374616c6c696f6e692e636f6d223b733a353a2270686f6e65223b733a31303a2234353633323134353633223b733a383a2270617373776f7264223b733a33323a223363663966333661313331393366666664623663646634336163383531643939223b733a343a2274797065223b733a313a2234223b733a31383a22637573746f6d697a65647573657274797065223b733a313a2237223b733a393a22636f6d70616e796964223b733a313a2232223b733a363a22737461747573223b733a313a2231223b733a373a2263726561746564223b733a31393a22323031362d31312d32322030343a32373a3132223b733a383a226d6f646966696564223b733a31393a22323031362d31322d32302030313a31313a3132223b7d),
('bc4be97eab253fa49db322b64b61efea39618ec2', '27.104.85.167', 1482214743, 0x5f5f63695f6c6173745f726567656e65726174657c693a313438323231343734333b),
('d269167171c1c019b16b9a7bbab7859636b388d1', '27.104.85.167', 1482210745, 0x5f5f63695f6c6173745f726567656e65726174657c693a313438323231303731343b69647c733a323a223231223b757365725f6e616d657c733a373a226b756d6172616e223b656d61696c7c733a32313a226b756d6172616e407374616c6c696f6e692e636f6d223b706963747572657c733a32343a22627574746572666c792d3536343536345f3634302e6a7067223b75736572696e666f7c4f3a383a22737464436c617373223a31353a7b733a323a226964223b733a323a223231223b733a31303a2266697273745f6e616d65223b733a373a226b756d6172616e223b733a393a226c6173745f6e616d65223b733a313a226b223b733a383a22757365726e616d65223b733a373a226b756d6172616e223b733a363a2267656e646572223b733a343a226d616c65223b733a373a2270696374757265223b733a32343a22627574746572666c792d3536343536345f3634302e6a7067223b733a353a22656d61696c223b733a32313a226b756d6172616e407374616c6c696f6e692e636f6d223b733a353a2270686f6e65223b733a31303a2234353633323134353633223b733a383a2270617373776f7264223b733a33323a223363663966333661313331393366666664623663646634336163383531643939223b733a343a2274797065223b733a313a2234223b733a31383a22637573746f6d697a65647573657274797065223b733a313a2237223b733a393a22636f6d70616e796964223b733a313a2232223b733a363a22737461747573223b733a313a2231223b733a373a2263726561746564223b733a31393a22323031362d31312d32322030343a32373a3132223b733a383a226d6f646966696564223b733a31393a22323031362d31322d32302030353a31313a3534223b7d),
('eb460ae24dd715922cc5845407fbc930bc3535ee', '59.99.85.53', 1482468841, 0x5f5f63695f6c6173745f726567656e65726174657c693a313438323436383834313b),
('ed5e2bd8326adc02500727388a7f4adf571dc82c', '66.102.6.68', 1482378658, 0x5f5f63695f6c6173745f726567656e65726174657c693a313438323337383635373b),
('effbf8b00d7e5ae3c73e7378e6a31f2e590a0b80', '119.81.31.30', 1482538757, 0x5f5f63695f6c6173745f726567656e65726174657c693a313438323533383735373b),
('f0283733d3a78d6d136c2f7a96f6ce2dba847110', '27.104.85.167', 1482211103, 0x5f5f63695f6c6173745f726567656e65726174657c693a313438323231303934313b69647c733a313a2232223b757365725f6e616d657c733a353a2241646d696e223b656d61696c7c733a31393a2261646d696e407374616c6c696f6e692e636f6d223b706963747572657c733a31333a22646f776e6c6f6164312e6a7067223b75736572696e666f7c4f3a383a22737464436c617373223a31353a7b733a323a226964223b733a313a2232223b733a31303a2266697273745f6e616d65223b733a353a2261646d696e223b733a393a226c6173745f6e616d65223b733a313a226e223b733a383a22757365726e616d65223b733a353a2241646d696e223b733a363a2267656e646572223b733a303a22223b733a373a2270696374757265223b733a31333a22646f776e6c6f6164312e6a7067223b733a353a22656d61696c223b733a31393a2261646d696e407374616c6c696f6e692e636f6d223b733a353a2270686f6e65223b733a31303a2232313437343833363437223b733a383a2270617373776f7264223b733a33323a223031393230323361376262643733323530353136663036396466313862353030223b733a343a2274797065223b733a313a2232223b733a31383a22637573746f6d697a65647573657274797065223b733a313a2230223b733a393a22636f6d70616e796964223b733a313a2232223b733a363a22737461747573223b733a313a2231223b733a373a2263726561746564223b733a31393a22323031362d31312d30312030393a33343a3339223b733a383a226d6f646966696564223b733a31393a22323031362d31322d32302030353a30323a3234223b7d),
('f05cc67dfab29e1e53ff6d1e9f284d59b83d69de', '27.104.85.167', 1482211875, 0x5f5f63695f6c6173745f726567656e65726174657c693a313438323231313834393b69647c733a313a2231223b757365725f6e616d657c733a31303a22737570657261646d696e223b656d61696c7c733a32343a226b617274686967657368407374616c6c696f6e692e636f6d223b706963747572657c733a31303a22353936345f352e6a7067223b75736572696e666f7c4f3a383a22737464436c617373223a31353a7b733a323a226964223b733a313a2231223b733a31303a2266697273745f6e616d65223b733a353a227375706572223b733a393a226c6173745f6e616d65223b733a353a2261646d696e223b733a383a22757365726e616d65223b733a31303a22737570657261646d696e223b733a363a2267656e646572223b733a303a22223b733a373a2270696374757265223b733a31303a22353936345f352e6a7067223b733a353a22656d61696c223b733a32343a226b617274686967657368407374616c6c696f6e692e636f6d223b733a353a2270686f6e65223b733a313a2230223b733a383a2270617373776f7264223b733a33323a223838386531316239393964623139316334303734366234386634306565623761223b733a343a2274797065223b733a313a2231223b733a31383a22637573746f6d697a65647573657274797065223b733a313a2230223b733a393a22636f6d70616e796964223b733a313a2230223b733a363a22737461747573223b733a313a2231223b733a373a2263726561746564223b733a31393a22323031362d31302d32352030303a30303a3030223b733a383a226d6f646966696564223b733a31393a22323031362d31322d31392031333a30383a3139223b7d);

-- --------------------------------------------------------

--
-- Table structure for table `companyusertype`
--

CREATE TABLE IF NOT EXISTS `companyusertype` (
  `id` int(11) NOT NULL AUTO_INCREMENT,
  `cid` int(11) NOT NULL,
  `usertype` text NOT NULL,
  `attributes` text NOT NULL,
  PRIMARY KEY (`id`)
) ENGINE=InnoDB  DEFAULT CHARSET=utf8 AUTO_INCREMENT=9 ;

--
-- Dumping data for table `companyusertype`
--

INSERT INTO `companyusertype` (`id`, `cid`, `usertype`, `attributes`) VALUES
(1, 0, 'user', 'a:10:{s:12:"upload_photo";s:1:"2";s:14:"approve_upload";s:1:"0";s:10:"edit_photo";s:1:"0";s:7:"publish";s:1:"0";s:19:"approve_publication";s:1:"0";s:18:"createmodifyfolder";s:1:"1";s:7:"adduser";s:1:"0";s:15:"clearance_level";s:2:"10";s:15:"privilege_level";s:2:"10";s:16:"approve_download";s:1:"0";}'),
(5, 2, 'help', 'a:10:{s:12:"upload_photo";s:1:"1";s:14:"approve_upload";s:1:"1";s:10:"edit_photo";s:1:"0";s:7:"publish";s:1:"1";s:19:"approve_publication";s:1:"1";s:18:"createmodifyfolder";s:1:"1";s:7:"adduser";s:1:"1";s:15:"clearance_level";s:1:"0";s:15:"privilege_level";s:1:"1";s:16:"approve_download";s:1:"1";}'),
(6, 2, 'photographer', 'a:10:{s:12:"upload_photo";s:1:"1";s:14:"approve_upload";s:1:"1";s:10:"edit_photo";s:1:"0";s:7:"publish";s:1:"1";s:19:"approve_publication";s:1:"1";s:18:"createmodifyfolder";s:1:"1";s:7:"adduser";s:1:"1";s:15:"clearance_level";s:2:"30";s:15:"privilege_level";s:2:"30";s:16:"approve_download";s:1:"1";}'),
(7, 2, 'clerk', 'a:10:{s:12:"upload_photo";s:1:"1";s:14:"approve_upload";s:1:"1";s:10:"edit_photo";s:1:"0";s:7:"publish";s:1:"1";s:19:"approve_publication";s:1:"1";s:18:"createmodifyfolder";s:1:"1";s:7:"adduser";s:1:"1";s:15:"clearance_level";s:1:"0";s:15:"privilege_level";s:2:"10";s:16:"approve_download";s:1:"1";}'),
(8, 24, 'photographer', 'a:10:{s:12:"upload_photo";s:1:"1";s:14:"approve_upload";s:1:"1";s:10:"edit_photo";s:1:"0";s:7:"publish";s:1:"1";s:19:"approve_publication";s:1:"1";s:18:"createmodifyfolder";s:1:"1";s:7:"adduser";s:1:"1";s:15:"clearance_level";s:2:"30";s:15:"privilege_level";s:2:"30";s:16:"approve_download";s:1:"1";}');

-- --------------------------------------------------------

--
-- Table structure for table `company_details`
--

CREATE TABLE IF NOT EXISTS `company_details` (
  `id` int(11) NOT NULL AUTO_INCREMENT,
  `company_id` varchar(255) NOT NULL,
  `name` varchar(255) NOT NULL,
  `picture` text NOT NULL,
  `splashscreen` text NOT NULL,
  `links` text NOT NULL,
  `about` longtext NOT NULL,
  PRIMARY KEY (`id`)
) ENGINE=InnoDB  DEFAULT CHARSET=utf8 AUTO_INCREMENT=2 ;

--
-- Dumping data for table `company_details`
--

INSERT INTO `company_details` (`id`, `company_id`, `name`, `picture`, `splashscreen`, `links`, `about`) VALUES
(1, '2', 'new-company', 'tumblr_lut7m7fbxI1qm4onio1_1280.jpg', '<p>testsetstsetest</p><p>this is the test content</p><p><img src="https://i.ytimg.com/vi/6lt2JfJdGSY/maxresdefault.jpg" style="width: 847px;" class="img-thumbnail"><br></p>', 'YTo2OntzOjg6ImZhY2Vib29rIjtzOjI1OiJodHRwczovL3d3dy5mYWNlYm9vay5jb20vIjtzOjc6InR3aXR0ZXIiO3M6MjA6Imh0dHBzOi8vdHdpdHRlci5jb20vIjtzOjg6ImxpbmtlZGluIjtzOjI1OiJodHRwczovL3d3dy5saW5rZWRpbi5jb20vIjtzOjk6Imluc3RhZ3JhbSI7czoyNjoiaHR0cHM6Ly93d3cuaW5zdGFncmFtLmNvbS8iO3M6MTA6Imdvb2dsZXBsdXMiO3M6MjQ6Imh0dHBzOi8vcGx1cy5nb29nbGUuY29tLyI7czo5OiJwaW50ZXJlc3QiO3M6MjY6Imh0dHBzOi8vd3d3LnBpbnRlcmVzdC5jb20vIjt9', 'czoxOTAxNDoiPHA+PGltZyBzcmM9ImRhdGE6aW1hZ2UvanBlZztiYXNlNjQsLzlqLzRBQVFTa1pKUmdBQkFRQUFBUUFCQUFELzJ3Q0VBQWtHQnhJVEVoVVVFeE1XRmhVV0dCd2JHQmdZR1IwWUd4d2FIaDRjR0NBYklCb2RJQ2dpSFJzbEhCd2FJVEVoSlNrckxpNHVIUjh6T0RNc055Z3RMaXNCQ2dvS0RnME9HeEFRR3pRa0lDWTRORFEyTHpRd05EUXNNalFzTEN3dkx5dzNMQ3dzTkM4c0xDd3NMQ3dzTHl3c0xDd3NMRFFzTEN3c05Dd3NMQ3dzTFAvQUFCRUlBTEVCSEFNQklnQUNFUUVERVFIL3hBQWNBQUFDQWdNQkFRQUFBQUFBQUFBQUFBQUZCZ01FQUFJSEFRai94QUJBRUFBQkFnUUVBd2NDQkFRRkJBSURBQUFCQWhFQUF5RXhCQVVTUVZGaGNRWVRJb0dSb2JFeThFTEIwZUVVSTFKeUJ4VXpZdkUwZ3BLeVE4SWtvdEwveEFBYUFRQUNBd0VCQUFBQUFBQUFBQUFBQUFBREJBRUNCUUFHLzhRQU1CRUFBZ0lCQXdJRkFnVUVBd0FBQUFBQUFRSUFFUU1TSVRFRVFSTWlNbEh3WVhFemdaR2hzUVVVMGVFalF2SC8yZ0FNQXdFQUFoRURFUUEvQUNzekVTNTJGVWhjb3JuZlRwTlhCTGtnTzRWVFVUeUxRcFlWYzVHSkNGdWtGcUZQaVc0S1c0dVJ0L3hEWEt6T1VqUk03dlNvTTQwcVkzWWhURmpXby91Z0QyM3hYOFFzVGtzZ3k2T0N6dFVHbTd2NnhoS1I2V0hQNmY4QXZiaWEzbUJzZHZuNlMxbTB0TTFKVWhKZXhlZ0lEbXRlVm1oVU0yWXFRSllCMHBKTEhxVHdxT0VkSHcvYUlLQVVaSTdzc05ycy9GL2I5MFZlRTBHWVVCUmRSWkoyRjJKM2FKd2tJdEg1OVpVc1hiYUdaMktSSXd5VVY3eGFSVGl6dFY3QjZjL2VybEdCeGMwTFVnRkNTbHRTbUIwSXVtdEE1c3oydHZHZGtjTi8rU0ZUdEJRbitweUN6aE4zc0RicHdqb2s3R3lqSktRQTFkSkZEeHZ3ZjdwSEhKaHhnbG0zL21WWm52U0ZpVjJkeEV5V2RLVmFUdnJBdGNOdTlkN3MyMEhVWlNzcVdwWUNWZlU0UFJoUzd1ZWhpbGpzT1VvUW91YWc2aUFGQVhJQkQwNDhZc1lERnpWS0trTE5CVUxaeTF3emVrQmJ6aW5CRmZPTEVxNjc2bE4zQytVWTJSTlFFVGdUUnRKcndhdkFzRFRnTjRGcnl2dTZhalg2bllrSzJOWGU3R3ZIWVFWL2dKWVFwUUlDNkd6QjJ2WHo0UjVNeGFDTldzS1dGQUtja0J3SGNjWXRvSlhTdzM1L2puOHVDYmdOWTFXdno3ZjRtODJTaVdQRXlnb2c2ajVsbUZSZTJ6eFBOeDRDU2Y2Ulp1TlBtSU1UL05CQkRhUzRjMzRWdThDc2JNWkJCTmZobzBlaFhHek02azN0ekZlcVp3QXBxcHZPeDRNMExGdEliMWY5bWdkbStOS3ByUHlma3p2OS9uRktkUElLV0R4TkpJN3pXc3UxTi9rN2d4dEEwTHFaMHQ0RXJVcVlOUVNpbW8zTEFBQkk1bGdLUjdsZUlPbFlRUEc1cXowNTd1T1hwRkRBNGhsclYrRkoxTnNLRnJueWN4YnkxQ2RDcGhVcE9xb1pRcUNBN2NTNzhla1V5dUtZR1dGN0dKbWRZdVlKb0ptbGEwcWNoU1NsbUIrbWpzQUhCSi9OenN2T1ZIRGtsUlVwbUJVd1BQd2dCK2JubkMzMmh4U2pPb2lZSGRsTG9XcUxVdS9QOWJtRlRNN2sxVm9lb0lPa0t2Y0F1TjRUZFVvV0ljRTFMdUp6cGY4QUNpWHhGNkN2QUg3dmFKc294bXFTa0YzSVlWYmlOVkZCSkx1MUtVZ1RudUlDTzcwdHEwaHlLSFZ4ZG1Jb0tpcm5wR1phcFFScXNucC85bmRQV0xGVjBiU0FTREk1UzFIRUtVeFo2bmtIcnF0YmorY1FZeWFWelhROUFkMzJ2YWxCMWlqTG5zdVpNVllCcUV0NHFHNC9wM3JTTlpNMEJaU0hjdVJ2czlYK0FZTFcxeUNEeEN1THhYOHRPcEtRUVExU2FkQ1NCYXpSYndreEJTQUExS01XVDFiVEE4NHRjd0lsZjdoNFFLMEJMbnovQURoZ3hXQ0lRRTZKUkxVQUpKNDFVbjJoWHhkTkE4d3lZV0l2dEFPTlN0MlVvTUJWZy81TjZsb3pDeXRhQlRVQUxiK2hmMmpNZVZFVlNVbW9JQkxjaUhickUrU3kwTFFFczVaaTlGT09GSElMOElZTmsySU91MDlseVV1d0NrZ05meGUwZFA3RFlVZ2ExQzdWRlJRVzZ3cFlYQUFPQ21nNmU4UDNaQkdrTFoyWjI5NGJxbGxDZDRMempFSUE4YW1TSGMxMjVpbzZ4eWpOc2QzMDlhSlgwaDNXVktVbG1keXBXNWNVSFB5NlAycXdtSW5yRW1TaEk3eHRTeXpKQnZUNzNoZTdRWlJnOEdqdWxMVXVZN3pOSUlLMWNEcC9DMnpRTElkOTVNNTdQbEswa3A4S1FmRk1zL0ZLVFVtNXIxaXZPbXlsc1VndFJMa3RzMWsycDh4ZDdRWndsUUVwQ0FsS0NmQ0dOZklmTmVVUkl6TXpBVWlXd0FzS3NLT28wdTlZRkNDNm1tWHIvRWdsQ2tseVN0a212TWh0dCtKMmFHektzVjNxQnBFeHFLYXFnOUEvKzFMZzNla0tjbVdyVUNQQ04zQkwvd0RhUncrWVl5blNKYWtML0MzaHV3MjJyKzNLT2FYVVh4SThlc094ZGszc2E3QUg5M3VJckp3cW1zQSt6czNxMFM0aXF5QUhJTHMrejczckJIQjRFclRxWk43RWh4d0JwZG1qdFlVYnlRbG1vMVpuaEZvQjFvMW9EaElRV0ozSklVMUFPQnE3MTNXczh3cEVrekpjcWFsa3VvMFVnQWJrQXVCdjh3MDRoU2xzRkVxTldlaEhIYVBKY2hhZ3RHeWtrYVNXZjFGZURVNjFqek9ITUVhenVQbjE5NXNaQTU4dnZGeks4MmxHU2xLMVZBR3JWWWtXQVZSaFo2N3hyak1lZ0xXQXJVRFVFN0JxR2hZV0VTZjRhWWp4elpFeEdvaHpwVUxFSFFTQTFmSnVVQWMzbHkwNG1lRWdKU0ZEVDBZRU1kZysyMFArR3BKV0NWaWxHTk9UNENaTVNOUlVDV1VFZ1ZxQ1hEY2QvSzhXTVJoNWlDRWdxVTFia3M1SmJvS2VsNExZVlU0eVV6VW9TalFqU2tGUkMyYisxZ0dkZ0NmaUI4bk1GaFNpb3V4ZDNjVU95bTVpTTU5aFo1L2FIMUV0eHNJWXdpU3Z3cUtxaTVlaC9wcUg0Q0paaWgzaWRJYWhEQitEZlo1eDRqRWhhVWxLU3JjMUQ3VTY5TFJ1ckRMS3c5SEZDVGNkWWMvcHFkUGtzWndMUDY4UkxyMnlpdkR1aE5jMnhEQlJSc0s4OS8waEt5L0g2eXNFa3JLbnNSdzJQbkRIMndTZ1NsSlFzSldRWENtZHVWUHpoWjdERkVyRUZhd2dsVkdkaS9GZ1ZQNW1OL1VGY0FjRGFZMm13U1kwbkZxSUNTbS9CM0pmWTI0UlZ4V0tCVDRRZk8vQ3Z4QmlaUFQ0NWdTUVVqd2s3RTBlejJNUnpFaVlrRUFCSkR2YUxqUXJsYStzZzJWdTRGa0xCMTI4STBwNDByK1I5WXE1ZExtTFdObWN1ZC9YbVdlREVuTHBRcjNnTlgwZ0ZSOVBQM2lsSXgxMHBxb3FJNmgyQXBaaEVQbXIwaTV5cU84cnpKS1V5SmlsS0dvdUc2K1JGT0xSN2wyTC9raHBqS1NsblNLZ2NoNi90RzJZeXBnUitGUGlZZ2locng4dnZhbGxTbElKMTZSZGlBb1Z1OUtXOCtVS0hLR0JhN2pBeE1Sc0lyNHhFd0xvVkpCWFVFdXFnTlNEWXVUUnVNSGNweHNsYU82TDk0cmd4OHdrMU5PSEcwVWMxV252Q1VrZUloK0I4bjZtSXNtbCtOM0lJclFpL0lrT1BLSllBcnZJRjNDV2JTbFRGYVVJMXJSTGM2cXZwWWtOL1hiZ1lueUxKVkdXVnpQQ0EvaEJMRzRGYlhyQlRLSmJySlVRQ29mVVF3TktWM2I5WU9Kd2pJS1VrRkxFNkJXbGExNHQ2dEdkbjZsaGFMR2NlTWJNWnkzTVpBU2RDRkZWUTVBb1N6SHBWL1dOVWhLUEZNV29xRmhVa1BWelh3K1pobXpmS1ZsWklRQUFCNFJzTGZmV0Z2RzRWMU5wSUlzNldIQzF6NVE1anlrcUxnOUl1VjE1ZzFVb0Nqc1NISUhXc0g1ZWZBeXhyRDhLbS9UODdRRS95YVlRZE1wU3phcVNqNVB1ZU1hSmxmVW5TZThja3VQS2dyVy9IM2d2aGh4dkoxYVR0RDJFekNYaUVyUm9VbGJFQjNZbmlDMzNlR0RLTW5sSVNnb0g4d0FBMERPQUhMOFhoUnk3QVRab0tFYVVVRlZPaG00bmo4eDB2c3pnRkpsRFd1VW91R1VGS1ppS0UwTmZrVmpoaVpXREM2OXBiWHFCQm1ZYktaaGNpb2h1eXJEYVVFY1Ezc1lSODM3VGFUM2VHYlVDeG1OcVNXdUVEaC91TGRJdFpkTXpNb1VzRFNFc2JCUkw5U2tBTmQyQTR3eStjKzIwR21GVDMzakZpcEMzbUxscERpejIycDZQV09RZHRaMHpFVG5YS01rRXRyTEpzWE9uZFIyZm5IUk8wWGJWVW1YVXAxRDZrb1VGTElOQ1FXS1U5SzBKamtlY1o0Y1FxODFSMWxXbHRJQ2VEK2xtOVlDY3l2dUpMWVdVMTNnZk15aEEwcERJRkIvVWExY25kNDJ3MDZVbEpVTktWT3dTSExEaVNxNTJpRVNLdVFsT29IU2dPU0hOWEJvRGJqdFRocmhKTHFMTnNCdlUyaTE3WElDNnZMQ0luZDU5SVM3aGpRK1k1aURlVTRkUVNVcS9EeWM3VlkycTFlY0FaY2dJVzlhVkxqeTJkNGJNSml0YmZpSUJBcnlweWltUi9hVjBsTzBpT0VVblV0Z0JRdW03V0ZIczlURVUyV0NYSWZuVGpCUlU4TU45bkczbmYvaWtiZDBrM0trOGd3K3pBaGxJSkJrdVZNWVZLME1vQXUrMWJWNGM0SHpacFV2VXBpRkhid2svSTFjK2ZKb3RUc3ZKY0JXaTVZTUg4bXQ2UkJQUk5rcEpDVXJJTGcvU1FPaGNlNGp6eFRKdW9IdFkvam43ejBJeUpzU2QreGk1Z3NjSkdZZjB1U2xUblVBNEZhVzNpbmlaYVoySW1UQVgxckxpNFlVb1QwSHEwVXM2Q3A4OVV3b0w2UTRKWTZxZ0Z4VGE4WmhNTXVXd055V0o0QTNxL2s4YVNvQU5WMDFWQWJrN2phNTFETDhTTzZRa0IxVTFGTEVNM0RhSXB1WGhRTkN4cTRxeExuM2k3aFpRUWt0UU96Qm1kdmFONVNGZlZTbHdma2J0R1RnNmRzOTZXNDRoY3VjWWp4enpLTXZEZDNXb0lCTEozSjI5WW5tenhvQ2lwelZnOWVOSytYNnhOTW1nbXBaVnp0VGhlSzhyTFF2VW9LQS9FSDQvbEdoMC9TYUFNdVEwUis4VHo1eTlvZ3NHQWUwMDVTcFExcFdBemh0SmYxY3R5Z0QyVEpsenRRUnFEMW9HRmVBNUVqNGkvbldKbWlhVTZsWHFrSFVrQTcvVFRvVEFxU3NoV3AzVUNhand2eDQxODQxaGJxU2VUTTBVckMrSjFpWjNhNVJYcERGUDRSVnRqMWMzaGRuNHFZcEkrb1MwaWc0N003QmpHM1pYTnlxNFY0YU5ZRU56cWE4ZWNhTHdpbHFJQUpaNkg5WVg2RnlwWVpUdXZjbjUrc04xbUFiSEh3WU5FMElTdFFMK0UwNmpZOFI5bUJIWjdNdTdXdjZxdnU3RjdzNUg1MWd0bWtreTVlblVzRjZhQnFwejlXRUttSFNRb0tPcGtteC9hNGZpWWZ5Vmt2dUltaUVIVEd4WVZpQVJxVWhyN094K2FneFN4MDhTNWFFckx2ZFYyNjhUOTdtTEs1cWZxUXBnb1YySFd2bDZ3c1pxa2hKSlU3azFCOGdlbTdRaDlwNmpIalREajQvM014WkRsWkowZzNKR25nd0VUNUs3cUtRZDZYNm4waXZsMkg3MVNFQXVrc1ZBYzc5ZkltSGpLOGtDRmF3MVhJUEM1Q1M5NjBzLzVrYk9vV2p6TVhQaUFiVXA1Z3VUalFoSVp6V3BKb0g0dHZVMWp5Vm1RTXhPaFRKSE1FWEpKWTJOYjg0bXp2SzJVb3BxS25oVGp0YzBoZW16UWxUVUZMK3hlbyt4RURDckRWRlN6UWhtK2FMVnFTdFNpb200UFQxYUFQOEFtUlM2ZFNuczVIcUFLTjYxOTRQeXNyS3dDcElQTXEwTWIxWGM3V2lDYk53a3R3dkRpYXZnSmhDUWQ2SkRuemkyTjFIbFRlTUxoTlc4SFlmTTFrNlRNSkJCQURrcFBBaC9wTkxQZHF4VHd1R21URklUTEJLeU5WRGRJU1NRWDJESGhGbWVnQWxRbGhES2RJUzVBSFV1VHhnNS93QlBndElDTzluZ0ZUQjFvUVRwWUZyRnFEbkRhS2EzbEhLOExKWkJsNGVRZ1R4L01tMVNrZU02aDRYOTI2bmxEQk9sTC9oMUJNd2JCYXpRQk5LcUhFbW0vQVFBeXJBSzFZWlM1VHFDVmFKWkxXZlR6S2o0YUNwcndpZkM1Yk5sZC9pWjgwSVhQZVdoS2lBQUNRNDBseUNLTndvWU5jRklzSG1FckQ0cEtGUys4Q1ZCTHFMT1R2cEFKYjlkbzM3WTlyRjRnOTFLVW1WTFNQR0VFalV0L3dBUnFWTUtVZmUwVTVHRlJLVE1XWnV1YWtlRzZnbFRFdVNhT0FrOFlWVnFXdDBTa2xqVWxpNTVzSzZmYmp6RTkxUmhGNTJqRmsrS2xBbFpaUzIxS2NNQUhJWUpxNUlGMWNiUld4dWNxT3RDRWgxR3lFMVZmZStrY0lnVklseVpZVXVjbGEyWktBUEFHdW9xZXU5TnpBZkZaa3BtUVFva2VJaG00YmNvQ0ZGMlJKeU1lRk1vVHB1dGJySkpOWElxTDArNjlJdDVUaGFwVlpKQk5PSTJQa3hFZTVOZ0ZGYUNRNFVyeDBjTXhKZmZ5aHV4T1NmdzdhUXlEWnpWcUhZMUErN3dQTDFDcWROOHhycGVuTGViMmduSHBTcnhDeHFIM2Z6ZS9PSmNteENaYXFBbDZQd1BVdlZxODJqWEdMWkNkZ1hhbDJacTdQOEFBaVRLdEMwaDJERU01M3B0WnFtQkRpRzZwaERLSnlOSkJUeXBRdUR6NVJOTFNwUWNGTGRRUGt3UFJLUVgwS0pEblM5dWw0MlhPU1BxQWZ6L0FGaVVVTVRVeXNyQUFWR0xNVnIxQmlDKzltRm5KMnJIcTBLTXNwMW10MkFQV3BGakZQSExUcURDalZyYmYwYys1aVZIMEVnMUp0VjdnZE54R091clRwQjIvd0FiemVJQUlKRzhWTTJVY090Q1NRVWx3RFk3VUxlMW9pbDRvcm1JS3FCM0lhaGE3ay9NWjJ6eHlWekphRUEveTZxSnE2cVVHOUJBekxzV1VxOFRrR2hHOTN0djVSb0ppLzR3MWIxQk5uTmxiblI4dHpsR3ltZWdCSWZnN0VnbnJ0Qm1UUGVoR3hPcDdrTlJ0aXhnRmxxMUxRbTFBK2tndndxOXl4Mjk0TXljT1pkaHR2WnVGUWJSaXVySTViRmYzalkwc2xQekswL0RxS2lXZE55ZDd4Y0dGVjNUcFZwNEd2dUJ0R0tsekRZaXJPQmYwM3EvckZDZm5DWmJwMUx2ZGhwOTNNYnVQUDhBM0dJZTh5bVJjTG0rSXQ1NnJWOWEzb0FkS2RBZmc1cWZTQTBnbE5YZXIzRnR1YitmQ0dqRzRZekNGQjFLMkpBSThoYUJLOG9VQXBaVFlnRUNsVGMvdERtUGpTZVlrdzNzUXZrbVlJQTA2U1ZLRnpjY0s3ZElhc0tUTFFiQlN0K1JHOEx2WnpDYkpCZWp1NUxiTkIrZEw4TEVIcHZDWFdkTTllWGcxZjVUUndaRlpScTVFRnpNSjN4VWhRY2JFYks0dGZqQS9GNU1aS1VzeElVNmc3aGoxNVFaTXRDRHFTUURVSG4rc0RKMkxXczFmZzdNUFhpSURqNmpNNytYWlpZWU1haTI1Z0hPRmQyRzArR3BjRTM5V2J5Z1dsRWp1MHJVbFNncWhyUUtkbjR2VDNobnpiQ29XMjlMdHYxRGJ4SGdPenhVc0VhYmd1cGdrK2x1djd3NkVzWEdNbWNDaHQ5cFk3TFlLUVFwY3NFcWR3OUNHM0hGK0hLRGN5ZVM2SERza2tEWUYzTktYOVBTTEVyTGxvR2hLQnFOUUNrQXR4NG04VU0wUVpRSVVueEVOZW9HNHBZMDNNS0RDWGV6TTdQbExEaWhLZUtBTXRRUXl3d1RxVVMxQjlUZWRCK2tMT0t3VXhLeDNhUzl0UkFIVWluVGVrRlV6YTFmUTc4NlB5NnVZMHpKU2lrTTdFK29GR0RpSFV4R3E3UlZYcG9ML2hFcEdxYXBhbm95Qzc4YThhVitZSFlyRllkQjA5MHMySThmaUkzcVNVZ3Z5TVhKT0NtbFZYVlVjNkN0ait3aURGWkt0MHVrbDNJRDdDbFExdU1YWHB5TnlZd2MxN0FiUTUyZHcwcWFoVXp1MUhReDBxVUxIalFQVm42aUhQQll3ekpVc3paUUtnb0JBQ1FmcXNONkM3RGh6aE83R1lPYkp4RXBRU2REa0xDckZCdUc1RDRqcE9hNDN1SnllN2xwRXRJMUVpcm5jY3FRNnZFVmIxYnhVUmtCdzJJVk94TTFKbkxVb1lkRnpxS1ZIVXByRnRuTUJlME9VdXVVRFV5L0VRQ1NkWkxuYStvamZuRC9BRGNMb1VNWE5EelAvakJza201WThnQkVXVkxYaVFvcVVoTFZVclQ0bUdwNi93RGlieHcrczQvU2MvelBMREp3NlFBODZiTThRdVVwS1RRRGM3RW1sWUZsU3BEbGF3aDJBUW54bmU3VUQ4enRSb0o5cE04U1ppdTdKQ0E0ZjhaSjUyLzUzSWVGM0ZyRTBEK1dybnA0OGE3UVB6czFqWWZ2TCtVQ3VUSytQbnl5QTBzNjlsRUNqRTFkeWtNWHM4WHBHVGdTKzhVK3BWU2Z3NmZ6ZWxEQXlRdVpwU2FzZzJCQ21ZL3J1OGRFN0tZcVZNUm9FdE5hRmcyeEpvZlBqQ25WWnpoQWFyalBUNEJsdGJndks4bldUTG15eTJ5d0xPd0RqcUc0ZVVNdVpZRFdBSFlpeldZc3dMZVY0dWlSM0RoSUduWWNpNVBTQS84QW1tb3VCdUx2dzI2ZnBHQytYSmtjc09STnJHRXhMVUE5cDVYZG9ZcGRxOGp6Y1dnWGxXWXlxSkZ5d3FBNUw3TmFuMllPZG9zU21Zbnd0VzRQTGh4TUtneWxZSUlJMko0ODc3OCtNYVhUMnllZVpuVU9IUG1obVRteVFGQWxuc0VrRFozYS93QjdSTElubHJJSDl4RG5uVWZkWXFaYmxUbHlIMUJuT3hEZlppNnZMa0c5UGI4akRLdGpUbVo1QVk3Y1M2RHJObXNYdmZianUvbkVpNWowVFI2TXp0eDhvRDRpWXBLZ3BCS2c3QVhZZlNPcExQNlFjeXllbGxLVWtqanFKQURCaFgxNWVjWno0R0Z0TmpIbkRIU0lwNTlobENaNFFLMVY1OFh0YmFJY2t3aE01TXd1ZEJDcmJ1L25Cck01NlZUU3RnU2QzWXRVZ0M5QTVyY3hWd3ZlbGFVcGRQZXFBRGptQjdjSGdneUVKcGx2Q0dyVTA2Smw2RUxTQ2dBTTFEeXU0Tm9KcGxFQUI3aCtZdkEvTGNNcENRRmhLbGJMVFQyOVMvTXdiVEtDbTFCb1k2TENGWGNDL256Ym1LOVE5bXh4S0NwV29Hck1PTjcxaGV4dUZKTHBXUXdiaThQS2NLa3BJRUQ1ZVRncUwyaC93OGFnQ2h0Rktkenp6RnZBWVkwcVMyN1JOTklOS0E4ZmI3TUhjVGhDSFNoSTlJRnpjRVdZMytZbzJNRWhoSkFvYVR4SThCSzBId3VZSjRkSnFTNm4rNlJZd01tVkxScm5IU3crNlhhS1dPbUNib0FKbHkxRndBZEtwbk5WWENHMUZnenRBOCtZTXVrUTJIRFJ1VTh3bElVQ1FBRWhSRk5sQzRQTWNJRzRuSFMwRkFKRG13Sm9RMTYxRmZ6aWxNeER6VnJNdlNqU28rQWtPV3VSdVN3TmVETkNWbXF5bzY1anF1UTI0Zlo3QUQ3ckZGdzFWeWZGNUZSK3hjeDJiUlh5L2FDL1pxWHFtSVJwRFBVRWxxZUsyN2phT2M5aE00bERFRk9JT2lXcEkwcS9wS2JKZmdRVDBhSEtSbWt5WGpwZmhTTUtUclNwVkZKUUFCV3RIVlo2blVJSVdWUEtlWVEzbFd3T0k5OXBwbURreTFUTVFwaWFCZGRUdTFDTFY0VUVMK1VxL2ljTlZiclE3Z2h0VGIwM0kvT0Z2dHQyZ1JQbUtRblNwSTB1cDdYSjVjenpJNFJaN0FaOG4rSktmd0VKQU96Z004VVExOTRJcnRYYVhobFFXWE51RVNEQnkwTVZId2pmZ09YcER4UHdhVkFtam5jVTl0bzVmL2lIaWtKbEZDUzdPNGE2dUJQcWRQTHBCOHVkUXUzTXJnNmEzczhDZTRqdE5nNUsxalNwVE5wVWhsSkk1N2c3RU5BVEg5dFZ6UVRKUWxMUHBvRkVwcFd0aTdVdFhqQ2gvRHRLUXBZSUMxS3MzMGhxL1BLRDJPeWRFdVpwa0VwazRtVVZJSnVuU05UVnZVQ2wyUEtBbG1ZWGNhR2xXcW9UN0pkck1UTm5TNVMxSVNsU3c2MkFKQXFVQWtNNW9PTlk2M0l5dEV4UlV1b0JvTGVVZlA4QUxNeE1qdVZlRkJtaVpXaFRNQ1RMTEhhbndESDBobHFrZDFMS0RxQkFPcTd1THZEV0pocDJtZDFHclZ2SXBzZ1RTc1RTQkxTS0QrbGhXc0kySnpsRXNxUkpXRW9VU05URFVwd1JRR3daNyswTVhiR2FwVXN5cGIrS3F5QzF0b1FaT1ZHWk0waE8rNWVLWmxkaFFPa1NNUXM3aTRMeE9Ca3FKN3NrMS9wMUIrcEE5bzFWMmFYM1pXdVlFQVVxYXNhVmF3Nnc1WnFwR0VsLzZJY0Q2aWFqWjRVNUdmWXFldHFtVytsS1RSS2xXQUlwcUE5SVJUTTYzdmYzL3dCVFFIVEp0dEtNanM2bEk4U2tGSkJMZzBVMWZPMjFZTTVMaDB5aTRBTkF4Wnl4YmZpd2k1MmU3UHpzYnJtSEVoUGRLS1VhUUNuVU9RWWFXNnhCTWtxbFRsb21zRklJZGdXSk5pbmdDSzJqc3hZb1Mwb3VsR3RZUW5ZdEpJSzFhTDBxT2h0MWhWekZSU1N4TEYycmZqN1JkenZBQWhTd3NsbkJJTkJXeHJhelFIbUoxSlVsWkpheC9DMUJYaDY3aUUrbnhCZHhHUzNpTUNKcGhwMnhBcTMvQUJlZzk2UnRoMGVKeVhmWVdmeThvckZRQUIzZDJBYzFwOHhKSjFrZ3RwZXhzUDdxbmI3RU9EYmlEejRrdmN3ekp4V2pVbHd3M05uKzk0a1hpVktMNlg5YWJ0U0tjdkRCU1JYVldyVzlkM2JoR2ltU1NOQ2pYWlFiNGdZeEtXMzVpMnJHTmhJSnVNWldtOXdONlY0N2lOOFBQcXhvRGY4QUorUFQ1Z1pNWDRnVFJuK05xUmRRc014QTJyOTlZWnk0eFVCZ3lrT0RjcVkrWUVUQ1RVVUlVS0ErZkcwV3NqekVxeE1wNnBTc0ZxZGVscXdPbWVKZW42aVRRYmJOWGora0V1eE9Xa1l5U0ZFbElLaXgyREcvV0JqRUtIdkhXekUzT3RTMklDZ2FIZzEvS25wRnRFd05XSXBhcFFTcEtRS1VZV0IvV0kxUytmMzBockc0SXB1UkV0VENYcE02c2JZN0ZJa3lqT21FNlhZQVhKL0tCdUhTU3ZTMVlwZG9NUUZZcVZKVW9kMEZTYWJPWGQrdXFJeU1LdFlkTHJlV2N0ejh6bEVKbEZJRm5ldms1UHhGaFdMbEQ2MUpCRndDL3ZBWE9jU2UrTW1VR0FMTUdHbzF1ZktCdU5STWxJMXpVZ09XQU4rckRhbThEUWwxc0dybG1QaG11WVR6WEdHY1FkSUtBVXNuanlaclFMN1k1MDZ5bVVwT3RBVHJtTUNFRWhnaFBrOWdUZTBSRFA4QVFoY29BSFVnblVCWTZTUldBdlphUW1ZclRNSjBrNjFuY2hJS1FPSjFLV0V4VmdGSVZZWEZiTHFhRDhSajVwMHRxZGFnRXNvVllNVmZUUnliVkYrRURNMlF4S1djQU1IczF2bjRpOW5tWkJPSVdwSkJiVWtVb2tWREFiQUNsTFFNbnoxelpqVFJwQUZBek5jaE5xOFhOWWtGdTh0cFFIYnZLRXBpd0p0Y2oyaGp3T1l6SmtyK0VTTmExelVzL05ranljd3R5MDZkU1hvN3c5LzRkU0JyVE9IMWEwcDZGd2ZlbnBCMnhob3FybE52ZU1tYy93Q0g2TUxsczRsUW1UaXBLdFlUcFlBaE9sSUpKYXBKNCtRaFc3TVpWTkRUUG9RVHBTcFRqVXRpd1FBQ1ZuZGdLYngyanRhcEtwR2dsZ282VHlTS2srUWpqRXpQOWVKU29xV21Tbi9UUkxYcE11VjlMSllqUXBRRGswSmQ0WHV2TUl4alU1QlVkNUhheVlCbzdxYk1Jb2RBTDllWjVPNGdOL2lTVWQxSjBwTFRLa2tNd096TU5KTEhuUThJZGV3M2FyQzRsSmtTNVhjcWxBYVpiZ3VuaUR1Mi9VUXZmNHk0eVNFeXBlcitZRmExRGdrSlUxZUxtblNJWmkxR2NncDlOVGwzK1pKQjd0WkdqVVFQN2FiN0VNOE5VeVNoZUY3aFNraGNzbFVvdlpLblVBcitsSjhRSElEaEhPWlV3R2RLS3ZwQ3dUMGV2dEhXL3dERWpzdWxaT0tsNHBJbEZCVW1XbEgxVWVxbnFtN1VwcU1FQ1VRUGNTcjU5Vi9lYzNsVDUyS0V1UkxsbGMwS1VtajFTclNYUFFwdnNJK2kreXVWbkQ0V1ZKVWZFbEExSGJVZkVvK3BNZk4vWkRNamhzVkxuVk9rMUEzQnArY2ZROHp0S2hlSFN1U1Q0Z0tuYmpRWE5XNm1DNmx4SVNJdm9iTTRFdDVsSUJKSGhjODRFUzhNSklXUTJyU2EvRFJmV2hwRHJBQUtnQ29qVXBSLzIrYkFlWnBBN3RWaGhJa2dwY0tLZkVDU1NtbGEycWFlc0x2MUpaQ0NJMWp3S0hBQjNnVEM1Zk54azFTVmtpV0dkaFFrRlBFVUFBVTNxNGdIbTB5VGhjeWtTejRaTXRVdDIyQm9TT1FxWWNNbHpLWUJLWlNTRnl5Vk1BQ0E1WXFQR3Z2SEhzNnhjekU0aFJLdFMxcjBqZ0E3RHlpRnhwb0FFc0djWkRxMjIrZnhPNWRtc0ZoNVFtRERxU1VsYXRURUYxM2VsSDBsTk9jSi9iRENuK0pVcHR3NnQ2Z04xWm9oeHVOVGxuZGlXb2dUVWhGUVZJMXAwa3FMSDZpbDJQRitjV0pXYUt4aUN2U0FIS1J6SDJXOVlwbXpxY0liNnhUSmhJTnFiaW5qa3IxVmRpenN4cFo3OEtRUHhEZzZydlJ4WFptTDJMQXREVmpzdFdkUlM0UDBrRGNPNDlCQVdmMmNuT2FFc0JTbGFVSHEwQlhJaDRNWjZiS1V4NldnT1ROVXFaWUZyUFFVcXdiaUlOeTVxZE9tK2x6YmJmOEE0L1dJSldTVFFDUUdERngwZXZxMFJweTFTZ3dJb2E4ZlhmbkJ0U2tiR0xaMzFOWmxsZU1Ta01sdWx2YUtuK1lyMlNTRFd0LzJqVVlCWUpBRHUycHc1b1JUMEFpU1pnalFrTDhRZWhPLzdSZFZYN3dIUEVEVDFod3hlTFdDeFFMSlU3T3ppNWlvdVhWeUsrK3dpRlRBdVM0ZnA5aUd5dXJhUXk2UmNKNWhoRlM5SzN2Wm0rUnY5OFl2WmJtQlNvVEUvVng2MHBGZkRLUk5sa0Z3cjhGZ2wzWmlUdVFZclNFNkNRYSt3Ky8wZ1FTOWp5SkF5bGU4NkJsbWVWQ1NDeERxVnhMMSsra01VcWVGSktuWnFLMmJkdXRSSE1jUE5BQXJVRWx4Vm1iWm12dS83c2d6aEV5V0pFc0xLbEtCV28yTzF4WWZTNTUyMmlkSUlwcElmZmVQRXhJTkVIU29pdGFnY0J5dGVGZlBNaks1NkVvSkNFNlhMMUdoS1BkM2hxeVRLU2lVNjBnelNIV1RjQ3JBaDNHMjhieTh0S1pTMXBHcFNsRlFIM2MzUG55amxRQWs3eG5mU0J4RXZFWWtJeHhKK3BnOVc4ZWtFc055QzQ2dkEvdHBtYWxsQ0FrR2hMaDlRNHVOa3REcmxYWlFoYXAwN3hMTHN4MzlDeitjYVpwbEtRN3lsQnFGUkZMYkZxamo4UnhHbEtFc1BPd3VjNEV1aVhPbldDNU5HR2tzYjEzdkF2Q3oxNnRLVW4vVE9wdGhTcjlkTUVzODFMV28vaGxwVlZWMUtMSnA2amUwSGV5T0RsQ1U2a0xXWmdaTEpZZ1dZcTRYK3hBRVVNTGFIWnlocFp5M01KaWdyeEJuSXJRMnFiV3VIZ3JtUzlVNVJKdW91ZGh2K3ZwQkh0aDJmU2lZTkE4SzNwZHJWZmpiaHdyQWZHU1ZsS1Zrc29wYlRZc201UEN6d2NJTEVBY2gwbVFURkRVVzhRaGo3Rlk2WkxueTBDZ1dyZXhhdnFHRUI4dXdFeWFQNUtTUWxKSjIzWm5OeTVzT3RvdjVYUFZJbkoxcGJTYWhUZzE4T29ldjIwSEFpeE56cGZhak55c3o1WXAvTDd4UG1sbS8vY2VrY2tuWWgxTExGajlOYlZ0NkZ2T09sWnRoak1tU3ByZUV5eWg2dFFPUExieTVSeTdHU0ZCWWJZbjlJVlVFTVZqcFllR0hIejV2T3RkbERMazRXVW9BQTZBb2tmVVNRNUwrM3BIT015elpjOVpNeFJPcFJKVXFxZ0NmeUVFY3B6YlNqdVZLSVM1YTlBYkN0UUhMaUZ6R3l5Q1J3SnE5RDA5NExrVldyYUN4TytNdFo1bE9jbHBpUUFUMDNlcitjUDhBMmR6WVlpU0pDejRVVUFPNFAyWVNKc29KVUZhd3lHZFlma0F6aDNxS2NvSjVEanU3SlV3V2xURUFONjhpRHQ5bTBDZUlMeGNydTFxU21vQ2lBZUljZ0hwUStrZFAvd0FOTWFsT0Vtb21nYXBjd0VFL2hTVXVXT3c4TUlXS3l0U3BqeWtGMStKclZjT1JzeEp0R1paakowdE13QlJHdHdvYitHOTk3aUlJQjVrZ25rR2ZRWCthc2tGd1F3STRjbWhKN1Fkb3RlS21TQ2t6SENVcENidnBjMDVPN3hUeVhGVFpjaVdtY29BNmVqSnVBUlRacTJEY29EWmpKYWIzcUZmekNvS0JTYTFBVFRuOVI4eEZXQUtpb1hGYXNibm1MelZjbkRMVEsxZ1RWYVppbEFEVHBKR2xMRjZ1N25adXNKMGhTeE5DZ0NHVXo4REYvRTVSaWxUcGt0WVd0YUNkUWxncThSZXV3dTEyZjR6c3dFL3hTVXp6b1FGZU1GL3FTYlZzSEZZcHByWVFtdStaMXlUSk14QTFKZWdjS0Rnbm9lY1pnNVRrQUNnclNnaURGNXJMUUFPL2xwTDdxdDVEYUtrcnRISlNvYXNWSXFUWFVvMDRVRFBYM2pCOERNNUpLbU5PVTRCakZLUWxGd09QSGorVVZEaXBhbGttNExBY2VIeEFUR2RwTU9wMnhDWE5HU2hTcjBZQlRBRjJpbEs3UTRTV3NFcW16Q1B3Nk5LYWNha3QwTVF2UVptdXhLTmtSUnRHZGFFdlFPUlFNSCtPY1VWSmxLQktkSi90SU5RM0NGek9NNVJObEF5bEZFclY0MUxmV3RkVi9oSllWSjlYc0lDSnpmRXFDbm1NUHdFblNWV0g5UnI0dG5zUldHai9BRXhnUFhGVGxCN1Jzek9aS1FTNUJQQWJucDBpa08wTXYrbDJ0YUZkWVhPVy9ldXhBNVZpSVlVaWhTc25mN2I1aHpEMHdBcG0zaWpOdllFRFRaaEJOU2E4S2NPUFdOVm1ocHZXaGllVE1EZ1hEMVA3UjZWTU5KZjJiaTN4R2hkUW1qVUxubUdCSmF4c2wvZjFpM1BCQ21BY3M3OU9rYTRhZjRuczV1RkFNYWVZL2JyRjlhOVNEeGRWaTUvdUphemJjOTRFemtHRng5TWpKUjVsU1RpTlhoZG50WmlYYXAvQ0lNNUxtYXBDOWNwVEZxa2dpdGlBUVM1cTlXSFNnaGZSTlVnSGRSRFdGQTROK3ZDTEdIdzZqUmlUeUlOR2M4ZUJnd0E3VFBLMU8xOWtNMW16U3BVM1FwYS9EOVNYU0FIMGhBRGtpNTJyREtqRnAwc1N6WGNBSDBmbkhKT3gyRGRRV3BCR2dFcFVvMkpKU0F3SEN0K0JhRHFNMm5TNXluY3BCRlFlVzlPa1FSUkZ4bkdiV3hIdVpqZ2xMcEFQUlFFVjU2ek9scVQzYXFocW5la0pzcnRPb1RqUUVYQVo3N0dub1g5NFBZZnRkSy9HeVZjS2dYYTlBMFFkTlZDcnJCc1JVenpJa3NtV3BLZ3FaTTBnaGo0YUZ3L0lDbi9FTks4cWx5MGhENkJRQklRZnBBb0wrMWJRWW1tVE8wTGNPTEFnam5YY1dCOGhHeXNLV29FcU5hazZybm5YNGVKUkFPSVBMbEpiZWNweDJWTG00b3l6cUNkaHBDU3dGdzdrR3BzTitVVU8xMlZwN3RCU2tKMGdvSTFCZEQ5TlFUWGxlT3Q0bkNTa3E3eFlJVXBPZ2xCSnRWbmNjQUg5NEE5cE11S3BVd3lRVWtKQlNyVVF4U1FTTjZ0cStHTHhiU0pRTzExQk9UNUZobFM1U1hXZ0tRQUFDNEtpSDFFVnJ1WHBGWE91dytxVGlKNmdRWklLa09hcVNnRjBzQlloL1BwQi9JOHFNeVVKaXdnbXVnQlJLQ3haK2pqcGVrRWx5Wnl0U2ZBbFJCVFJIaElzejF2RTBKRmtDekZUTDhhaWJsMHRObGdzcDdzN0NqZ21oNGVrQXNiMk9uQktpZ2pXazZrajZRUmRnU3hDZ0grb1hoMjdKNUNFRlNna0JKdmE2YVVOa2ttdkVWRzBNSzBXREtBWnJCVDdmWHZ0MTk0cjRkdGNMNDRDYVp3K2JLa3paR0dTeWpOQ0NGcVNVZ3ZxS1VPLzFGZzdFdmF0NHNkbzhqR0ZseXlHTmtUQTdnNm1kejFCRGludkQ5aE1nVEltTDhKUDlLMUM1TCtKUk8vUnZXTHB5eVhNN3hNMUlXRkJxYVJzTEFFbmh2emduaDdRUGpBbWM4eWZBU2xTSmVtVjRkRHIvRTZ0OXFsblljZWtXczB3c3FXbE0xV0ZWOUtVdWhZUWhJVFJJSGhJUGlaOXF0dkI3c2RreVVCV0VteUhDQzRVWERrRjFYZWpFZjhBaUR1SWE1OGdTL0NpVTZEUlZhNzBxT0VVQ2J5K3NWY1Jzbmt6akpFd29RRUpMeXJHdTZhdTRMRVhPM0tMV0t5aENzUWlacFFrS1NHSUFGVWw5UkFwVVVJM0VNR1V5ZFNWeXRKMGduU3cwc1RZOEN4cnRjUkxoY0M4aWFGZ2hTWGJkaFd2TmpFbGRKM2tLMThSTnpyR0tSTW1BRVcwbHdDeHVHcFNoWjlVQnNzeXNwbkRRbnduVUdaMnRWdG1DdlVEZU9oU3NyUVFCb0NpcWhJRG5nNURkTjR0U3NsRGFrZU1rRUVrMUQwdFdJT0VDWEdZM0VjeU1STldwU1ZhUXBpUVZGSUtnQWxYaDQwY1BBN0hkbmxxV1ZvWkJWeExxRE5kUUY2ZmJ3OUl5K1kybGpyU1RxSkZ4ZjZxTTFTYjNnYlB3aFI0VHBtVi9wU0UzQmZpVHRVYmV0UW9HNUU2eXgyTVdaK1FUSnNqVWpRcWFoa2xKbzZIb1haM0FCQTRwWVhGUVdJd3F3UWtwbGxlN0VsUUNhTnBjSFNOTi8xanBZa3pPOFNzb0FBb3BnVTBMQUZyTUtpTDBuQXpsQjBwUkxRd2RTZ1FOdGd6OEdQckhEamljdzM1aUhrV0FYTG1oYXRJU2tPMmx1WXVTL0hicEUyRHdLQXRTbCtMVVFFZ0ZnT0piZmhETmpzZFZTUm9LUUx0dStsbUpBQTA3dEFyRFp5bEt0T21VQVBwWUVVMkRrK1Qvd0RNTHNSZDcvUHlqQ1hRSE1HeXNzRXRLZ3BaS0NYWnVBY2VJN2lwb3c2MmhaektVb2c2WmFpaElva0FnQVVGT0ZDZnU3MGpQRGRTWlhKS1V1QlF2dngrekVaenhnNVNndTdBQm1BczkzRmJFUjNpZ2ZXUWNSUDBpWmxrbWU1SVFwUXM2Z3J4QnlDbmtSeEhQbERiSXpFcERLdzVVYi9RdjArbFh6RW4rWmpTVkJLSDF0Y2d0eGNDbmxGdGVhS1NFc2xCZElOU28zOHZLQ0prUmpkYndiWTJVVmUwNXFjVkxDaTZBT0JGRDdSVlVFclBnVlhuWW5xenhXeFdKOFJOdUhIejR4V21UYWZEMFB4YUM2WXV0amcxQ1FsVEUxS2FHNXY2a0Z0bzFrNHdhV3FRSHNYcjVmRzBVSkdNS1BwVVFlRitjV3AyUEV3TVdTc2ZpQVorUkRlOFYwR0dHVWprUWxNeFNGVUFZNy9sWGpIdVY0ZnZGdHNlQjM0TThMM2ZrR3RlSXNYNFJjbDVzRXN5QUR4RlNEWjl6RmtTdThqSyt2dE8wOW1jQVpNb0pMajFaMnJibnY4QU1SWm5oWmE1b0JZS0FvUjlWSzFObTZ2SE1wSGF1ZktOSmkrWXVQTUhsQi9DZHNRcFFNMWllWGhQdFE5SUpsWFVLV0R3Tm85VUxTdGFabjRTNmhVMU5MQzF1Vm90NWhpbDZiZ2hJb0M5K1FxUE9rZXFrb25vN3hKQWNmVW12N2lLTTdMSmplQ1lUeFNUK3NKZ01vb2lPRmtZMkRKVTlwcGt1VzVVU2RYMC9TRWpqemZydkRMa25hWXpFdXJqc2RtK2ZObzV4bWtvb1NkUVoySEE4ZUhLTEhabkZNYWpVQmR4cW9ONG5EbFljenMrSlRWVHBPTjdZSVF2UXlXYWh1SzdNMXJieGVsZHJKSVRVcFNXcUNDQjBqaTJjWThtYVdKQUhsYnBIdUx6ZGN3Sjd3cUthQWg2NmVUeGM1UVJ1SVB3ZDl1SjFPZDJva3k1WllJQ1EvaEJjaTlHZHFsNGp3WGE4ZUlJTXQyb2ZFazJzQVFlajBGNDVkL0dKVWxnRnNHdXlyYjFHOXlJaGt6Q0dBcjF2RmprRW9NYzZ0TTdUS0tGRlNrczVwNHQzOVFlYW9xVE8yUmRLVXJReGVpUVVOMU5YcDhRdkp3MDBJUy9oS2t2UlZOTjZzU0gzZ0ZtK0xYcUljYy9DRS9sRkd6a01BSVpPbEJVbG8rTDdTcUt2RW9LRFdKVnU0dmIvZ3dleWpQbmFpV0ZDQTNvOWEvYnh4NlZOSGRFdjRnb1hiMk45elFVaTlnYzZteXdBRGUrNGJvZVVGR2ErUkYzd1Z3WjJHZG5Vb3JCSTBxYTRGYmJta1RUODVTa0RUNWp5NFdQQ09VRHRDb3JBS2ZhbjM3UmZtOW9TcndCaVNiY1BhQ0t5R0NLc0RPZ2pNVXFMbEtVdmNwWjJ0c2VROUlxNHJHZ2tCOVRBalNYci91cFpoQzlLekl5MGdsWGlzUDA5WTl4MlpFSkNsS0ZiQW0zbkJhQWd4WjRqREx6b0lCR2dFUGQySFQ2YWVmR0xXRnoxRktCTDNCTHY1bnpoSUdacElxYmNDU09wcVlvemN3cXlWSlk3MWNlZjdSUWxaWUkzZWRCbjU0TldrSmxtN2x3V0ZtQXNUYmpTQjVtSVVyK1k3N0FLU2VINFZQU2xoeWhSeS9Hdk1aM0ZkM29HMjY5WU1uR3BLV2Y0L1I0RTJRM1NpRlhIdlpNTURGSkZBNEFaaFFNWGY4QXBEYjd4Qm1nbUxsZ0lMQU9BMWZXcEN1dDNnTi9IcFAwbEw3dUFUK2ZHSWY4MlVrL1VTMnhQNU5FWk10THhMcGh0dGpJc1JMbmhrMEthK0ZsQzlUdVhmaVgyNFFBbjRLZUVrQnhWMU1HYzlXZzVPejk5ZzQvdUVDc1htYWlYSHlEK1VaclpjbDlwcUowbmxzR0I4UkxtL2lLdk9JTytXS2ZyQkZlWkxQMVcrK0VSbGFUY2VqL0FDMFNHUGNSWElySWQ1UlRpcG5LTGtyR1RXK28rdjdSSG9TVFF0RnVVbEFGU2ZlQ1dQYUJMdEZMRkJKVlNvOTZjZWNRWXFVQ3dLU0tVcnR4TWJZbVFyVlc1Y3NLTjFqYWRMYlRWM3VQM3MyelJvQ0szeEtjckN1VFVVY2h5MUJWb2xTb1dlOURXLzhBeCtaakNkU2dBV2M4RFFXMkZmTG5FUzlDVlVTNEc5UVQxdXhMUmFUQ0U5U1hPcG5wY1BGYVZLSlU2VW9BSEEvRUU1VXlRU0F0S3lwZ3lnMVExSGVuS0o4UE13emgxTGx2UUVwQkhxQ0lIdjJoRktrZWFETWJoazZRb3BQTURqRUlUSWNVV0E5M0o5aUlaekxRVWtkOUtVL0hVbTNrYWo5SXFES0pqT2xhRjBxRXFUOEthT0JJNWtrS2ZTWTdaVmxjbWJnVUlscm1KU3o2a3FaYjFkeTFuK0l6czJKTXBaUU1XcWFUdE1XN2RPY0xlUzR5YksweWlrbENuQzBrbFFBb0dkMlNXSTNpdXZKSmFaNWwrSUoxVTBLTDZlREF0Um45WUl6cndURmRMS2JqSjJ2dy9GUTlqN2lGVCtGTXRHcGFqTFNxeElMSGwxMzJoeHpOQ1VJQ2RJVm9BMGhSc1BQOUlWc3puQ2VrSldFa0N3cFRvN0QwaE1xcXR2Tk5YYklnMC9yS1J3NW9VRVRBYmFmRWYvR1BWS1dzNkFpdjlyTjV0UVJWd2VCUkxWcURndHNRL3Y4QWs4RVpXSFZNL21xbHpGcGVoRXR5Zi9CUUxjNHRRWTJvbENXUmFhYW95YVlBNmlsTld1NTluOTRtd09GV2xkQVNSV2dQNlZpaXBSZndLV05tTmFjS1ZicUltd3BJTHNSenFIODRoaU8wNUFlODZmMmpXSlVvVGRLUEZMU3lTTkpxMjNHT1dZbGExS3E3a3c4WmxqaGlNS2tFUG9DVWw2cWMwMmFrS0JrNkpsUVFBYWhqK2NCdmVOQUVxQUlSVGs0VEpNeFNTcGZBbTNNd3ZMY0FscWNyZTFJN0YyWVJoY1lneTBCMUJJMUJsTTNuUzhjNDdhNWVpVlBVbERqVFFnSkFBNk16K2NIWUxRSWk2QnpZTVcwNGtpb1Y1Vmdsa2MveGdxQUpGYS9kNEVxMUFocStUanphR1BzeklVclVwbUhEWStUTXc0UlpCWmdzaDJNa3pMTkNWaEwrSDU5cVJEaHNTWjA5S05SSWVtOERjM252TkpTYVdIMllQLzRlU0VLbkwxcDFLME1pdjQxRUFGM0FEUnp0dnZJeDQ3NGpQaDhtU0R1ZnZrWXFaemdwYUVFc0J6TlQ2R0hySk96U2pLQlVwSXFRUWJ1QzF4Q3gvaURrMHlXalUxSHQrZDRzNVhSWW5LaDhUU1lreWxMUWRTSElHNHA1T0l1VE0yVVJwOFQ5ZjNnZE9XbFlXcENBQ0R2V2pENEx3S1RpRi8xV3N6RDJhRnh0eEdOSk1jY21scUV0MllrM0lQdFMzbkZuK0VVb3VhdnpLUjZ2QUhLc2RNWUIycmUzeERGSm5Lc1NUN3dQUG1SVjNsc0dKMllnU2xQd0t3Zm9iemYzZ2V1V1FiVjZ2RFFoUVptUFNyUUl4N0IvRFhjdHFFSURPckdnSnFZbHlZOW9GbXBmYjJqVktBN3UzdEdZaGIyZjJpcUpaZjhBTGY0aHRCdEUrcmJWekxna0RZajEvU0pKVW1uN1JRUzROTnQ3eGRscVUyNDlSQlptbUNaNmlyY09Dd1lNV1A4QXdZSFl1VUFvSmVsM0FnbXRJSGgvcFZ1T3RINFB2Rk5VcGlTcTVMQVdoKzYyaWlrU2tvRUZoU2xEdmU3L0FOWE9Ja0lGSHFROU5uLzRlQzJIUUJxQWJ6MjMvYUs4K1VrR2xxUCtmekhTK3JlcGt2R3kyMG1WcVNsSWN1VXFicjE2d1F3bVg0YWFuWExtNlNIWkV3WG96YXJPeDRRS1hoM0pwWGxadUhLTlRsNm1aSTJCSjVzUGlKMWp1Sk9nOWpEVXpzOHZTZ2dPbFRWRlhmanVOcjhJb0x3NFVTcEsxRTdLRktCbVBJMGlIQjVwUGxlSFVTNVpuQkRkUHpjUWJ3MmRTWmloSm55bUlJRHBvcWdZVkI4VkR1OGRwdjBtVHFyMWo5Sld5dE9na3JLMUFualYvbUpwL2VsZXRFeXIwQk9sUUI1N244b0xJeWxLd2U1bUFrTVFKakFsOXFmUE9CdU93azJXVDNpQ24vMU5kamIzZ0RKa1U2bzByWU12bEIveklWWXJFb1U1WE1Hb1ZKcUNLdFJUaG5KaXYvbUUxcXBscS9xZVdPTi9DSXZKbUpZVlVDYTBMMmNXSnRmMmlYdlZxY2VCUVp2R2ROaFFjeUtVckZSa1luY1hMSHBzWUZocWdjWXdrblhod3FwY3BVb3ZSN09lWFFSNHJ0V3R3UXcwMjREL0FHOU9VV3BxMGtIVktRTGpkVGRBWEE2bCtVRDV1VjRkYkNXc29vNTExWnVZNDdCb01IcmphTHRpMVZlOEpLN1NTNTdkNnlWa2ZVS2tGckcyb2RZSVpUTEtsSkhjemxvTnlrSXFPSThWUlVRdjVUa0tUTUtscVRvVFVnZUtsN1hQcEhTc0ZpRWlXbnUwc2dEd3NHK2YwaVNvYnpOQmFpbmxXQk13V2lTVko3cWFrS29OYVdMTUNmcEpFVkZyRXlpYS93QndVQzNuUXc3NDdHSW55U2xTa3VBRFZyajBMd3M0YkN6QytrRlFQKzFKQ3VUa2oxRHdEdy9jYlJnNXlLMG5lTVBZdnRLbkNoUVVoS1FibXRmTm04bml0MjhRbkVrWWlXZFFLUUZEU1JwYmU1NDdSQk55dGVuV1VKUlRkWVlOZitvaUI4OURTMUVGSmxwQkpZb1ZUekR2SFBqc1V1OHRqNmpTMXZ0RTJkZ1RxZFFJRC9WUm82amkvd0NIbDVaTE1zcGZRQ05KQ1M1RlNmRTd2dDdSemhQYVNXb0FHVUNtdEhxM0hyNlFWa1p5aWJLVkpRcFZuMGFsVkhBTWZhTG9yS0xKbFh5STVvQXhjRXR5UytwK0JyRFYyYlVFdUNsaVdaLzFnQmljTVFVNmdvQW02bkh2YUx1Q3duMHVsU0hMQlgxSlBvSytzRGZIckZTNjVmRGE1MUhLTzB4bGVGWTFJTnh4OS9nUmN6YkZweE1neTBnaEFid2tna2NoZWxJVGN2d0V4VkhjYkV0Nk13RVdrclhKVlJTVXEycHA5MGsvRUNHREtCUk5pTS8zV0VtNm8vdEJNM3MrcEV3RktpbENya2tBYzNMdEFUTzhzTXRZSUFaVmlHWTlEWm82U25OeE5sbEU5TXNLWnRZWXYvZFFlclFEeTNzL0tuVGt5MU1FcVAxSkpZYzJ0N3h3VXJzWkRNRzg2eGF5MlNzS1NDRFhvZmlHTENUM09uU1hIVVE0WlRrZUVrdVU2aXpzb3FKdFFIZzl6eWdCbWVMQm1raE5CUUVwcDdHM2xFNU9rMXFiZ1U2clEyMDJLWHVCVzcxZ2RpMGdHM3lCL3dBeE5LeFlWL1FUd0cvd1kwbVRialRYZ1Qrc1l4NmQ4YlRVWHFRNjdSYXhra3U2VS9yNk44UlJVWmdZbldCc2FpQ2VZU1NISllkZCtqUU9FeFEvRXg2dEdqaXNjeFhxTWdZYlRlVmlGV1ZyUFUvc1lzU3NZQVBFSFBVRDVTWXFZckhMVlZRQkEzMGcvTWFveGovaCtmOEErb2IreG1ZVDdpQzhWOVk4dm1OWjIvVS9uSGtaREVCMmtrajhYUlh5SWh4ZjRPby9PTWpJNFF6Y21XWm4rbk02cStSRVdJK255SC8xakl5S2lEeFFhYmpvZmd4YnhuL1VTdjdVZkFqMk1pL2FTM01MWlgvMVNPaWZnUTVZMy9vRmRCLzd4a1pES2VnL25GVzlTL2xFdzMvN1UvQWloaWJIcVBrUmtaQ0M4ell5ZW1leU51djVSVHhQMUdNaklnZXFFZjhBQ0VaK3hmOEFycS9zL01RMkwvV01qSWNINFltUmsvR01HNG0zbkJIL0FPWC9BTEI4UjVHUlhwL1dZTE54Q21Ec3JwK3NMaXZvbS8ybi93QlJHUmtVdyt0NGJMNkZuS0pmMUdMZVMvNjQ2SDRqSXlLTnhHbDlVZUovMEw2cS93RGRNRWNCWlBWUHdtTWpJUDJpNTVqWGxYMHFqMmYvQUtTdjcwL25HUmtHSEVDM01FejduckZuSVA4QXFCNXhrWkNIVWV1YUhTK241N1JpeWI2Ri93Qnkvd0QyTUxtZC93Q29ZeU1oci9vSXEzck1XMC9VZis3NWkzUHZML3RQekdSa1k3ZmlEN3g5UFJCTTc2VmYzR0I4djZsOVAxakl5Sng4R2MvcUVqNDlJOGx4NUdRd09JcTAvOWs9IiBkYXRhLWZpbGVuYW1lPSJkb3dubG9hZC5qcGciIHN0eWxlPSJ3aWR0aDogMjg0cHg7IiBjbGFzcz0iaW1nLXRodW1ibmFpbCI+PC9wPjxwPmRmc2RmZHNmZHNkc2ZkZnM8L3A+Ijs=');

-- --------------------------------------------------------

--
-- Table structure for table `filerequest`
--

CREATE TABLE IF NOT EXISTS `filerequest` (
  `id` int(255) NOT NULL AUTO_INCREMENT,
  `userid` int(255) NOT NULL,
  `companyid` int(255) NOT NULL,
  `username` varchar(255) NOT NULL,
  `fileid` int(255) NOT NULL,
  `filename` varchar(255) NOT NULL,
  `requesttime` date NOT NULL,
  `status` int(255) NOT NULL,
  PRIMARY KEY (`id`)
) ENGINE=MyISAM  DEFAULT CHARSET=latin1 AUTO_INCREMENT=2 ;

--
-- Dumping data for table `filerequest`
--

INSERT INTO `filerequest` (`id`, `userid`, `companyid`, `username`, `fileid`, `filename`, `requesttime`, `status`) VALUES
(1, 25, 24, 'company1user', 23, 'summer-789974_640.jpg', '2016-12-14', 0);

-- --------------------------------------------------------

--
-- Table structure for table `files`
--

CREATE TABLE IF NOT EXISTS `files` (
  `id` int(11) NOT NULL AUTO_INCREMENT,
  `name` varchar(255) CHARACTER SET utf8 NOT NULL,
  `original_name` varchar(255) CHARACTER SET utf8 NOT NULL,
  `thumb` varchar(255) CHARACTER SET utf8 NOT NULL,
  `extension` varchar(255) CHARACTER SET utf8 NOT NULL,
  `type` varchar(255) CHARACTER SET utf8 NOT NULL,
  `size` text CHARACTER SET utf8 NOT NULL,
  `owner` varchar(255) CHARACTER SET utf8 NOT NULL,
  `company` varchar(255) CHARACTER SET utf8 NOT NULL,
  `directory` text CHARACTER SET utf8 NOT NULL,
  `attribute` text CHARACTER SET utf8 NOT NULL,
  `hashtag` text CHARACTER SET utf8 NOT NULL,
  `privilegelevel` int(255) NOT NULL,
  `status` int(10) NOT NULL,
  `creation_date` datetime NOT NULL,
  `modified_date` datetime NOT NULL,
  PRIMARY KEY (`id`)
) ENGINE=MyISAM  DEFAULT CHARSET=latin1 AUTO_INCREMENT=39 ;

--
-- Dumping data for table `files`
--

INSERT INTO `files` (`id`, `name`, `original_name`, `thumb`, `extension`, `type`, `size`, `owner`, `company`, `directory`, `attribute`, `hashtag`, `privilegelevel`, `status`, `creation_date`, `modified_date`) VALUES
(5, 'Senjitaley_Starmusiq.cc.mp3', 'Senjitaley_Starmusiq.cc', '', '.mp3', 'audio', '3996.35', '2', '2', 'folders', '', '#2013,,,,,,,,,', 0, 1, '2016-12-08 12:59:39', '2016-12-20 01:15:57'),
(4, 'SampleVideo_1280x720_5mb.mp4', 'SampleVideo_1280x720_5mb', '', '.mp4', 'video', '5130.74', '2', '2', 'folders', '', '#2013,,,,,,,,,', 20, 1, '2016-12-08 12:54:42', '2016-12-20 01:15:57'),
(6, '1.txt', '1', '', '.txt', 'application', '0', '2', '2', 'Office', '', '#2013,,,,,,,,,', 0, 1, '2016-12-08 14:12:59', '2016-12-20 01:15:57'),
(7, '2.txt', '2', '', '.txt', 'application', '0', '2', '2', 'Office', '', '#2013,,,,,,,,,', 0, 1, '2016-12-08 14:12:59', '2016-12-20 01:15:57'),
(8, '3.txt', '3', '', '.txt', 'application', '0', '2', '2', 'Office', '', '#2013,,,,,,,,,', 0, 1, '2016-12-08 14:13:00', '2016-12-20 01:15:57'),
(9, 'Screenshot_(1).png', 'Screenshot_(1)', 'Screenshot_(1)_thumb.png', '.png', 'image', '360.16', '2', '2', 'dsddfdsd', '', '#2013,,,,,,,,,', 0, 1, '2016-12-09 00:35:55', '2016-12-20 01:15:57'),
(11, 'Screenshot_(1).png', 'Screenshot_(1)', 'Screenshot_(1)_thumb.png', '.png', 'image', '360.16', '2', '2', 'Office', '', '#2013,,,,,,,,,', 0, 1, '2016-12-09 00:36:42', '2016-12-20 01:15:57'),
(21, 'Screenshot_(1).png', 'Screenshot_(1)', 'Screenshot_(1)_thumb.png', '.png', 'image', '360.16', '21', '2', 'folders', '', '#2013,,,,,,,,,', 0, 1, '2016-12-09 10:59:51', '2016-12-20 01:15:57'),
(20, 'daisy-138578_640.jpg', 'daisy-138578_640', 'daisy-138578_640_thumb.jpg', '.jpg', 'image', '81.94', '2', '2', 'folders', '', '#2013,,,,,,,,,', 66, 1, '2016-12-09 09:29:17', '2016-12-20 01:15:57'),
(19, 'summer-635247_6404.jpg', 'summer-635247_6404', 'summer-635247_6404_thumb.jpg', '.jpg', 'image', '51.96', '2', '2', 'folders', '', '#2013,,,,,,,,,', 75, 1, '2016-12-09 09:28:02', '2016-12-20 01:15:57'),
(22, 'salad-775949_640.jpg', 'salad-775949_640', 'salad-775949_640_thumb.jpg', '.jpg', 'image', '73.15', '2', '2', 'folders', '', '#2013,,,,,,,,,', 25, 1, '2016-12-10 10:33:22', '2016-12-20 01:15:57'),
(23, 'summer-789974_640.jpg', 'summer-789974_640', 'summer-789974_640_thumb.jpg', '.jpg', 'image', '72.98', '24', '24', 'folders', '', '#2013,,,,,,,,,', 45, 1, '2016-12-14 06:32:48', '2016-12-20 01:15:57'),
(24, '2013-ktm-390-duke-high-resolution-08.jpg', '2013-ktm-390-duke-high-resolution-08', '2013-ktm-390-duke-high-resolution-08_thumb.jpg', '.jpg', 'image', '183.9', '2', '2', 'folders', '', '#2013,,,,,,,,,', 0, 1, '2016-12-19 16:15:00', '2016-12-20 01:15:57'),
(25, 'high_res_magnification_by_darkhunter2009-d4vj70j.jpg', 'high_res_magnification_by_darkhunter2009-d4vj70j', 'high_res_magnification_by_darkhunter2009-d4vj70j_thumb.jpg', '.jpg', 'image', '7452.76', '2', '2', 'folders', '', '#2013,,,,,,,,,', 0, 1, '2016-12-19 16:15:05', '2016-12-20 01:15:57'),
(26, 'high-resolution-wallpapers-25.jpg', 'high-resolution-wallpapers-25', 'high-resolution-wallpapers-25_thumb.jpg', '.jpg', 'image', '337.8', '2', '2', 'folders', '', '#2013,,,,,,,,,', 0, 1, '2016-12-19 16:15:06', '2016-12-20 01:15:57'),
(27, 'pic1.png', 'pic1', 'pic1_thumb.png', '.png', 'image', '0.19', '2', '2', 'folders', '', '#2013,,,,,,,,,', 0, 1, '2016-12-19 16:15:07', '2016-12-20 01:15:57'),
(28, 'pic2.png', 'pic2', 'pic2_thumb.png', '.png', 'image', '0.4', '2', '2', 'folders', '', '#2013,,,,,,,,,', 0, 1, '2016-12-19 16:15:08', '2016-12-20 01:15:57'),
(29, 'pic3.png', 'pic3', 'pic3_thumb.png', '.png', 'image', '0.4', '2', '2', 'folders', '', '#2013,,,,,,,,,', 0, 1, '2016-12-19 16:15:08', '2016-12-20 01:15:57'),
(30, 'Tasikmalaya_Regency_hilly_view_2_-_high_res.jpg', 'Tasikmalaya_Regency_hilly_view_2_-_high_res', 'Tasikmalaya_Regency_hilly_view_2_-_high_res_thumb.jpg', '.jpg', 'image', '817.1', '2', '2', 'folders', '', '#2013,,,,,,,,,', 0, 1, '2016-12-19 16:15:11', '2016-12-20 01:15:57'),
(31, 'high-resolution-wallpapers-25.jpg', 'high-resolution-wallpapers-25', 'high-resolution-wallpapers-25_thumb.jpg', '.jpg', 'image', '337.8', '2', '2', 'hello', '', '#2013,,,,,,,,,', 0, 1, '2016-12-19 16:15:55', '2016-12-20 01:15:57'),
(32, 'pic1.png', 'pic1', 'pic1_thumb.png', '.png', 'image', '0.19', '2', '2', 'hello', '', '#2013,,,,,,,,,', 0, 1, '2016-12-19 16:15:56', '2016-12-20 01:15:57'),
(33, 'pic2.png', 'pic2', 'pic2_thumb.png', '.png', 'image', '0.4', '2', '2', 'hello', '', '#2013,,,,,,,,,', 0, 1, '2016-12-19 16:15:58', '2016-12-20 01:15:57'),
(34, 'high_res_magnification_by_darkhunter2009-d4vj70j.jpg', 'high_res_magnification_by_darkhunter2009-d4vj70j', 'high_res_magnification_by_darkhunter2009-d4vj70j_thumb.jpg', '.jpg', 'image', '7452.76', '2', '2', 'hello', '', '#2013,,,,,,,,,', 0, 1, '2016-12-19 16:16:01', '2016-12-20 01:15:57'),
(35, 'pic3.png', 'pic3', 'pic3_thumb.png', '.png', 'image', '0.4', '2', '2', 'hello', '', '#2013,,,,,,,,,', 0, 1, '2016-12-19 16:16:02', '2016-12-20 01:15:57'),
(36, 'pic4.png', 'pic4', 'pic4_thumb.png', '.png', 'image', '0.4', '2', '2', 'folders?>', '', '#2013,,,,,,,,,', 0, 1, '2016-12-19 16:19:53', '2016-12-20 01:15:57'),
(37, '2013-ktm-390-duke-high-resolution-081.jpg', '2013-ktm-390-duke-high-resolution-081', '2013-ktm-390-duke-high-resolution-081_thumb.jpg', '.jpg', 'image', '183.9', '2', '2', 'folders?>', '', '#2013,,,,,,,,,', 0, 1, '2016-12-19 16:19:54', '2016-12-20 01:15:57'),
(38, 'Tasikmalaya_Regency_hilly_view_2_-_high_res1.jpg', 'Tasikmalaya_Regency_hilly_view_2_-_high_res1', 'Tasikmalaya_Regency_hilly_view_2_-_high_res1_thumb.jpg', '.jpg', 'image', '817.1', '2', '2', 'folders?>', '', '#2013,,,,,,,,,', 0, 1, '2016-12-19 16:19:57', '2016-12-20 01:15:57');

-- --------------------------------------------------------

--
-- Table structure for table `folder`
--

CREATE TABLE IF NOT EXISTS `folder` (
  `id` int(200) NOT NULL AUTO_INCREMENT,
  `folder_name` varchar(200) NOT NULL,
  `directory` varchar(200) NOT NULL,
  `parent` varchar(255) NOT NULL,
  `company` varchar(255) NOT NULL,
  `owner` varchar(200) NOT NULL,
  `attribute` text NOT NULL,
  `hashtag` text NOT NULL,
  `created` datetime NOT NULL,
  `modified` datetime NOT NULL,
  PRIMARY KEY (`id`)
) ENGINE=InnoDB  DEFAULT CHARSET=utf8 AUTO_INCREMENT=70 ;

--
-- Dumping data for table `folder`
--

INSERT INTO `folder` (`id`, `folder_name`, `directory`, `parent`, `company`, `owner`, `attribute`, `hashtag`, `created`, `modified`) VALUES
(33, 'new', 'folders/new', '', '2', '2', 'This new.', 'ABC Section,ABC Section2,test3', '2016-11-26 12:44:37', '2016-12-09 10:43:07'),
(34, 'hello', 'folders/hello', '', '2', '2', 'sdadsadsadsadsadsa', 'hash1,hash2,hash3', '2016-11-29 12:52:20', '2016-12-05 14:05:19'),
(35, 'Tester', 'folders/Tester', '', '2', '2', 'sdadsadsadsadsadsa', 'hash1,hash2,hash3', '2016-11-29 16:53:28', '2016-12-05 14:05:19'),
(36, '2', 'folders/Tester/2', '35', '2', '2', '', '', '2016-11-29 17:02:22', '2016-11-29 17:02:22'),
(37, 'test_folder', 'folders/test_folder', '', '2', '2', '', '', '2016-11-30 05:04:57', '2016-11-30 05:04:57'),
(40, 'test', 'folders/test', '', '2', '21', '', '', '2016-11-30 15:32:09', '2016-11-30 15:32:09'),
(41, 'dsddfdsd', 'folders/new/dsddfdsd', '33', '2', '2', 'This new.', 'ABC Section,ABC Section2,test3', '2016-12-05 14:22:40', '2016-12-09 11:36:51'),
(43, 'Office', 'folders/new/dsddfdsd/Office', '41', '2', '2', 'This new.', 'ABC Section,ABC Section2,test3', '2016-12-06 13:13:00', '2016-12-09 11:36:51'),
(61, 'Show-Boss', 'folders/Show-Boss', '', '2', '2', '', '', '2016-12-09 00:22:38', '2016-12-09 00:22:38'),
(62, 'B-Section', 'folders/new/B-Section', '33', '2', '2', 'This new.', 'ABC Section,ABC Section2,test3', '2016-12-09 10:42:25', '2016-12-12 14:19:02'),
(63, 'C-Section', 'folders/new/C-Section', '33', '2', '2', 'This new.', 'ABC Section,ABC Section2,test3', '2016-12-09 10:42:34', '2016-12-09 10:43:07'),
(64, 'D-Section', 'folders/new/D-Section', '33', '2', '2', 'This new.', 'ABC Section,ABC Section2,test3', '2016-12-09 10:42:44', '2016-12-09 10:43:07'),
(66, 'dfsdfdsfsd', 'folders/hello/dfsdfdsfsd', '34', '2', '19', '', '', '2016-12-12 13:38:59', '2016-12-12 13:38:59'),
(67, 'd4453534', 'folders/hello/dfsdfdsfsd/d4453534', '66', '2', '19', '', '', '2016-12-12 13:39:10', '2016-12-12 13:39:10'),
(68, 'hello4521', 'folders/hello4521', '', '24', '24', '', '', '2016-12-14 06:33:17', '2016-12-14 06:33:17'),
(69, 'Folder-1', 'folders/hello/Folder-1', '34', '2', '2', '', '', '2016-12-19 16:16:15', '2016-12-19 16:16:15');

-- --------------------------------------------------------

--
-- Table structure for table `ini`
--

CREATE TABLE IF NOT EXISTS `ini` (
  `id` int(20) NOT NULL AUTO_INCREMENT,
  `cid` int(20) NOT NULL,
  `ini` text NOT NULL,
  PRIMARY KEY (`id`)
) ENGINE=InnoDB  DEFAULT CHARSET=utf8 AUTO_INCREMENT=4 ;

--
-- Dumping data for table `ini`
--

INSERT INTO `ini` (`id`, `cid`, `ini`) VALUES
(2, 2, 'a:9:{s:11:"company_css";s:36:".companycommon{background: #828080;}";s:15:"login_placement";s:7:"topleft";s:16:"photo_field_mode";s:1:"3";s:16:"company_hash_tag";s:1:"1";s:14:"hash_tag_limit";s:2:"10";s:15:"video_streaming";s:5:"allow";s:14:"session_stream";s:1:"5";s:23:"default_privilege_level";s:2:"30";s:11:"expiry_time";s:1:"2";}'),
(3, 24, 'a:9:{s:11:"company_css";s:36:".companycommon{background: #828080;}";s:15:"login_placement";s:7:"topleft";s:16:"photo_field_mode";s:1:"3";s:16:"company_hash_tag";s:1:"1";s:14:"hash_tag_limit";s:2:"10";s:15:"video_streaming";s:5:"allow";s:14:"session_stream";s:1:"5";s:23:"default_privilege_level";s:2:"30";s:11:"expiry_time";s:1:"2";}');

-- --------------------------------------------------------

--
-- Table structure for table `user_master`
--

CREATE TABLE IF NOT EXISTS `user_master` (
  `id` int(11) NOT NULL AUTO_INCREMENT,
  `first_name` varchar(255) NOT NULL,
  `last_name` varchar(255) NOT NULL,
  `username` varchar(255) NOT NULL,
  `gender` varchar(255) NOT NULL,
  `picture` text NOT NULL,
  `email` varchar(255) NOT NULL,
  `phone` varchar(20) NOT NULL,
  `password` varchar(255) NOT NULL,
  `type` tinyint(4) NOT NULL COMMENT '1  - super admin , 2 - company admin , 3 - company user , 4 -  user',
  `customizedusertype` int(11) NOT NULL DEFAULT '0',
  `companyid` int(30) NOT NULL,
  `status` int(11) NOT NULL,
  `created` datetime NOT NULL,
  `modified` datetime NOT NULL,
  PRIMARY KEY (`id`)
) ENGINE=InnoDB  DEFAULT CHARSET=latin1 AUTO_INCREMENT=27 ;

--
-- Dumping data for table `user_master`
--

INSERT INTO `user_master` (`id`, `first_name`, `last_name`, `username`, `gender`, `picture`, `email`, `phone`, `password`, `type`, `customizedusertype`, `companyid`, `status`, `created`, `modified`) VALUES
(1, 'super', 'admin', 'superadmin', '', '5964_5.jpg', 'karthigesh@stallioni.com', '0', '888e11b999db191c40746b48f40eeb7a', 1, 0, 0, 1, '2016-10-25 00:00:00', '2016-12-20 05:36:09'),
(2, 'admin', 'n', 'Admin', '', 'download1.jpg', 'admin@stallioni.com', '2147483647', '0192023a7bbd73250516f069df18b500', 2, 0, 2, 1, '2016-11-01 09:34:39', '2016-12-20 05:02:24'),
(3, 'kesav', 'k', 'k7', '', '', 'kesav@stallioni.com', '888888888', 'fcea920f7412b5da7be0cf42b8c93759', 2, 0, 3, 1, '2016-11-01 09:43:32', '2016-11-09 14:40:25'),
(4, 'tree', 't', 'tree', '', '', 'tree@tree.com', '2147483647', 'fcea920f7412b5da7be0cf42b8c93759', 2, 0, 4, 1, '2016-11-03 10:46:24', '2016-11-17 06:56:34'),
(12, 'newuser', 'new', 'newcompany', '', '', 'newuser@newcompany.com', '2147483647', '0354d89c28ec399c00d3cb2d094cf093', 2, 0, 12, 1, '2016-11-08 16:03:42', '0000-00-00 00:00:00'),
(13, 'karthigesh', '057', 'karthigesh', '', '', 'karthigesh057@gmail.com', '8989898989', 'e4b659ff37b93120f9c06c3be83a71d5', 4, 0, 2, 1, '2016-11-08 19:44:09', '2016-11-09 14:52:50'),
(14, 'kumar', 'v', 'kumar', '', '', 'kumar@stallioni.com', '7458589635', '79cfac6387e0d582f83a29a04d0bcdc4', 3, 0, 2, 1, '2016-11-09 10:30:02', '2016-11-09 14:53:04'),
(15, 'user', 'user', 'user1', '', '', 'user@user.com', '41256352859', 'ee11cbb19052e40b07aac0ca060c23ee', 4, 0, 2, 0, '2016-11-09 10:39:44', '2016-11-09 14:53:35'),
(16, 'mohamed', 'new', 'mohamed', '', '', 'mohamed@stallioni.com', '4857565968', '309cd3800aacbd003ac36199fa537295', 4, 0, 2, 1, '2016-11-09 14:55:04', '2016-11-09 14:55:18'),
(17, 'test', 'test', 'test', '', '', 'test@gmail.com', '3456789098', '098f6bcd4621d373cade4e832627b4f6', 2, 0, 17, 0, '2016-11-11 10:33:12', '0000-00-00 00:00:00'),
(18, 'karthigesh', 'test', 'karthigesh123', '', '', 'karthigesh2444@stallioni.com', '344444444444', '3081c067b0982982fe878376581be135', 3, 0, 4, 1, '2016-11-11 11:22:30', '0000-00-00 00:00:00'),
(19, 'jagan', 'j', 'jagadeesh', '', 'sunglasses-178151_640.jpg', 'jagan@jagan.com', '9585858545', 'cfbe7e96741be7f2aa8928e43eae313a', 4, 6, 2, 1, '2016-11-19 11:22:28', '2016-11-30 15:31:36'),
(20, 'Li', 'Low', 'Jeff', 'male', '', 'jeff@gmail.com', '+544', '5f4dcc3b5aa765d61d8327deb882cf99', 4, 7, 2, 1, '2016-11-21 16:32:25', '0000-00-00 00:00:00'),
(21, 'kumaran', 'k', 'kumaran', 'male', 'butterfly-564564_640.jpg', 'kumaran@stallioni.com', '4563214563', '3cf9f36a13193fffdb6cdf43ac851d99', 4, 7, 2, 1, '2016-11-22 04:27:12', '2016-12-20 05:30:49'),
(22, 'company1', 'company1', 'company', '', '', 'company1@stallioni.com', '9876543212', '93c731f1c3a84ef05cd54d044c379eaa', 4, 0, 0, 1, '2016-12-14 04:57:42', '2016-12-15 12:37:28'),
(23, 'company2', 'company2', 'company2', '', '', 'company2@stallioni.com', '123456789', '93c731f1c3a84ef05cd54d044c379eaa', 2, 0, 23, 1, '2016-12-14 04:59:57', '0000-00-00 00:00:00'),
(24, 'company1', 'company1', 'company1', '', '', 'company1@stallioni.com', '235354645675', '93c731f1c3a84ef05cd54d044c379eaa', 2, 0, 24, 1, '2016-12-14 05:06:40', '2016-12-15 12:38:43'),
(25, 'company1', 'user', 'company1user', 'male', '', 'company1user@gmail.com', '4563214526', '27625d1290b699d82e1527923359b315', 4, 8, 24, 1, '2016-12-14 06:35:23', '0000-00-00 00:00:00'),
(26, 'Keppel Corporation Limited', 'Keppel Corporation Limited', 'KEP', '', '', 'huikian@fotohub.com', '96349720', '888e11b999db191c40746b48f40eeb7a', 2, 0, 26, 1, '2016-12-19 12:44:49', '0000-00-00 00:00:00');

-- --------------------------------------------------------

--
-- Table structure for table `user_permission`
--

CREATE TABLE IF NOT EXISTS `user_permission` (
  `id` int(11) NOT NULL AUTO_INCREMENT,
  `uid` int(11) NOT NULL,
  `username` text NOT NULL,
  `permission` text NOT NULL,
  `date` date NOT NULL,
  `status` int(11) NOT NULL,
  PRIMARY KEY (`id`)
) ENGINE=InnoDB  DEFAULT CHARSET=utf8 AUTO_INCREMENT=2 ;

--
-- Dumping data for table `user_permission`
--

INSERT INTO `user_permission` (`id`, `uid`, `username`, `permission`, `date`, `status`) VALUES
(1, 21, 'kumaran', 'User kumaran with the usertype clerk has requested the permission for the access of the file upload', '2016-12-19', 1);

-- --------------------------------------------------------

--
-- Table structure for table `user_type`
--

CREATE TABLE IF NOT EXISTS `user_type` (
  `type_id` int(11) NOT NULL AUTO_INCREMENT,
  `type` varchar(255) NOT NULL,
  PRIMARY KEY (`type_id`)
) ENGINE=MyISAM  DEFAULT CHARSET=latin1 AUTO_INCREMENT=6 ;

--
-- Dumping data for table `user_type`
--

INSERT INTO `user_type` (`type_id`, `type`) VALUES
(1, 'superadmin'),
(2, 'companyadmin'),
(3, 'dataadmin'),
(4, 'companyuser');

/*!40101 SET CHARACTER_SET_CLIENT=@OLD_CHARACTER_SET_CLIENT */;
/*!40101 SET CHARACTER_SET_RESULTS=@OLD_CHARACTER_SET_RESULTS */;
/*!40101 SET COLLATION_CONNECTION=@OLD_COLLATION_CONNECTION */;
